-- seed.sql (completo; gerado a partir de data/cid.htm)
SET NAMES utf8mb4;
USE cid10;
SET FOREIGN_KEY_CHECKS = 0;
TRUNCATE TABLE subcategories;
TRUNCATE TABLE categories;
TRUNCATE TABLE blocks;
TRUNCATE TABLE chapters;
TRUNCATE TABLE morbi_groups;
ALTER TABLE chapters     AUTO_INCREMENT = 1;
ALTER TABLE blocks       AUTO_INCREMENT = 1;
ALTER TABLE categories   AUTO_INCREMENT = 1;
ALTER TABLE subcategories AUTO_INCREMENT = 1;
ALTER TABLE morbi_groups AUTO_INCREMENT = 1;
SET FOREIGN_KEY_CHECKS = 1;
START TRANSACTION;
INSERT INTO chapters (id, numeral, code_start, code_end, title) VALUES
  (1, 'I', 'A00', 'B99', 'Algumas doenças infecciosas e parasitárias'),
  (2, 'II', 'C00', 'D48', 'Neoplasias [tumores]'),
  (3, 'IV', 'E00', 'E90', 'Doenças endócrinas, nutricionais e metabólicas'),
  (4, 'V', 'F00', 'F99', 'Transtornos mentais e comportamentais'),
  (5, 'VI', 'G00', 'G99', 'Doenças do sistema nervoso'),
  (6, 'VII', 'H00', 'H59', 'Doenças do olho e anexos'),
  (7, 'VIII', 'H60', 'H95', 'Doenças do ouvido e da apófise mastóide'),
  (8, 'IX', 'I00', 'I99', 'Doenças do aparelho circulatório'),
  (9, 'X', 'J00', 'J99', 'Doenças do aparelho respiratório'),
  (10, 'XI', 'K00', 'K93', 'Doenças do aparelho digestivo'),
  (11, 'XII', 'L00', 'L99', 'Doenças da pele e do tecido subcutâneo'),
  (12, 'XIII', 'M00', 'M99', 'Doenças do sistema osteomuscular e do tecido conjuntivo'),
  (13, 'XIV', 'N00', 'N99', 'Doenças do aparelho geniturinário'),
  (14, 'XV', 'O00', 'O99', 'Gravidez, parto e puerpério'),
  (15, 'XVI', 'P00', 'P96', 'Algumas afecções originadas no período perinatal'),
  (16, 'XVII', 'Q00', 'Q99', 'Malformações congênitas, deformidades e anomalias cromossômicas'),
  (17, 'XVIII', 'R00', 'R99', 'Sintomas, sinais e achados anormais de exames clínicos e de laboratório, não classificados em outra parte'),
  (18, 'XIX', 'S00', 'T98', 'Lesões, envenenamentos e algumas outras conseqüências de causas externas'),
  (19, 'XXI', 'Z00', 'Z99', 'Fatores que exercem influência sobre o estado de saúde e o contato com serviços de saúde'),
  (20, 'XXII', 'U00', 'U99', 'Códigos para propósitos especiais');
INSERT INTO blocks (id, chapter_id, code_start, code_end, title) VALUES
  (1, 1, 'A00', 'B99', 'Bloco único (capítulo I) – importado DATASUS'),
  (2, 2, 'C00', 'D48', 'Bloco único (capítulo II) – importado DATASUS'),
  (3, 3, 'E00', 'E90', 'Bloco único (capítulo IV) – importado DATASUS'),
  (4, 4, 'F00', 'F99', 'Bloco único (capítulo V) – importado DATASUS'),
  (5, 5, 'G00', 'G99', 'Bloco único (capítulo VI) – importado DATASUS'),
  (6, 6, 'H00', 'H59', 'Bloco único (capítulo VII) – importado DATASUS'),
  (7, 7, 'H60', 'H95', 'Bloco único (capítulo VIII) – importado DATASUS'),
  (8, 8, 'I00', 'I99', 'Bloco único (capítulo IX) – importado DATASUS'),
  (9, 9, 'J00', 'J99', 'Bloco único (capítulo X) – importado DATASUS'),
  (10, 10, 'K00', 'K93', 'Bloco único (capítulo XI) – importado DATASUS'),
  (11, 11, 'L00', 'L99', 'Bloco único (capítulo XII) – importado DATASUS'),
  (12, 12, 'M00', 'M99', 'Bloco único (capítulo XIII) – importado DATASUS'),
  (13, 13, 'N00', 'N99', 'Bloco único (capítulo XIV) – importado DATASUS'),
  (14, 14, 'O00', 'O99', 'Bloco único (capítulo XV) – importado DATASUS'),
  (15, 15, 'P00', 'P96', 'Bloco único (capítulo XVI) – importado DATASUS'),
  (16, 16, 'Q00', 'Q99', 'Bloco único (capítulo XVII) – importado DATASUS'),
  (17, 17, 'R00', 'R99', 'Bloco único (capítulo XVIII) – importado DATASUS'),
  (18, 18, 'S00', 'T98', 'Bloco único (capítulo XIX) – importado DATASUS'),
  (19, 19, 'Z00', 'Z99', 'Bloco único (capítulo XXI) – importado DATASUS'),
  (20, 20, 'U00', 'U99', 'Bloco único (capítulo XXII) – importado DATASUS');
INSERT INTO categories (id, block_id, code, title) VALUES
  (1, 1, 'A00', 'Cólera'),
  (2, 1, 'A01', 'Febres tifóide e paratifóide'),
  (3, 1, 'A03', 'Shiguelose'),
  (4, 1, 'A06', 'Amebíase'),
  (5, 1, 'A09', 'Diarréia e gastroenterite de origem infecciosa presumível'),
  (6, 1, 'A02', 'Outras doenças infecciosas intestinais'),
  (7, 1, 'A04', 'Outras doenças infecciosas intestinais'),
  (8, 1, 'A05', 'Outras doenças infecciosas intestinais'),
  (9, 1, 'A07', 'Outras doenças infecciosas intestinais'),
  (10, 1, 'A08', 'Outras doenças infecciosas intestinais'),
  (11, 1, 'A15', 'Tuberculose respiratória'),
  (12, 1, 'A16', 'Tuberculose respiratória'),
  (13, 1, 'A17', 'Outras tuberculoses'),
  (14, 1, 'A18', 'Outras tuberculoses'),
  (15, 1, 'A19', 'Outras tuberculoses'),
  (16, 1, 'A20', 'Peste'),
  (17, 1, 'A23', 'Brucelose'),
  (18, 1, 'A30', 'Hanseníase [lepra]'),
  (19, 1, 'A33', 'Tétano neonatal'),
  (20, 1, 'A34', 'Outros tétanos'),
  (21, 1, 'A35', 'Outros tétanos'),
  (22, 1, 'A36', 'Difteria'),
  (23, 1, 'A37', 'Coqueluche'),
  (24, 1, 'A39', 'Infecção meningocócica'),
  (25, 1, 'A40', 'Septicemia'),
  (26, 1, 'A41', 'Septicemia'),
  (27, 1, 'A21', 'Outras doenças bacterianas'),
  (28, 1, 'A22', 'Outras doenças bacterianas'),
  (29, 1, 'A24', 'Outras doenças bacterianas'),
  (30, 1, 'A25', 'Outras doenças bacterianas'),
  (31, 1, 'A26', 'Outras doenças bacterianas'),
  (32, 1, 'A27', 'Outras doenças bacterianas'),
  (33, 1, 'A28', 'Outras doenças bacterianas'),
  (34, 1, 'A31', 'Outras doenças bacterianas'),
  (35, 1, 'A32', 'Outras doenças bacterianas'),
  (36, 1, 'A38', 'Outras doenças bacterianas'),
  (37, 1, 'A42', 'Outras doenças bacterianas'),
  (38, 1, 'A43', 'Outras doenças bacterianas'),
  (39, 1, 'A44', 'Outras doenças bacterianas'),
  (40, 1, 'A45', 'Outras doenças bacterianas'),
  (41, 1, 'A46', 'Outras doenças bacterianas'),
  (42, 1, 'A47', 'Outras doenças bacterianas'),
  (43, 1, 'A48', 'Outras doenças bacterianas'),
  (44, 1, 'A49', 'Outras doenças bacterianas'),
  (45, 1, 'A50', 'Sífilis congênita'),
  (46, 1, 'A51', 'Sífilis precoce'),
  (47, 1, 'A52', 'Outras sífilis'),
  (48, 1, 'A53', 'Outras sífilis'),
  (49, 1, 'A54', 'Infecção gonocócica'),
  (50, 1, 'A55', 'Doenças por clamídias transmitidas por via sexual'),
  (51, 1, 'A56', 'Doenças por clamídias transmitidas por via sexual'),
  (52, 1, 'A57', 'Outras infecções com transmissão predominantemente sexual'),
  (53, 1, 'A58', 'Outras infecções com transmissão predominantemente sexual'),
  (54, 1, 'A59', 'Outras infecções com transmissão predominantemente sexual'),
  (55, 1, 'A60', 'Outras infecções com transmissão predominantemente sexual'),
  (56, 1, 'A61', 'Outras infecções com transmissão predominantemente sexual'),
  (57, 1, 'A62', 'Outras infecções com transmissão predominantemente sexual'),
  (58, 1, 'A63', 'Outras infecções com transmissão predominantemente sexual'),
  (59, 1, 'A64', 'Outras infecções com transmissão predominantemente sexual'),
  (60, 1, 'A68', 'Febres recorrentes'),
  (61, 1, 'A71', 'Tracoma'),
  (62, 1, 'A75', 'Tifo exantemático'),
  (63, 1, 'A80', 'Poliomielite aguda'),
  (64, 1, 'A82', 'Raiva'),
  (65, 1, 'A83', 'Encefalite viral'),
  (66, 1, 'A84', 'Encefalite viral'),
  (67, 1, 'A85', 'Encefalite viral'),
  (68, 1, 'A86', 'Encefalite viral'),
  (69, 1, 'A95', 'Febre amarela'),
  (70, 1, 'A90', 'Outras febre por arbovírus e febres hemorrágicas por vírus'),
  (71, 1, 'A91', 'Outras febre por arbovírus e febres hemorrágicas por vírus'),
  (72, 1, 'A92', 'Outras febre por arbovírus e febres hemorrágicas por vírus'),
  (73, 1, 'A93', 'Outras febre por arbovírus e febres hemorrágicas por vírus'),
  (74, 1, 'A94', 'Outras febre por arbovírus e febres hemorrágicas por vírus'),
  (75, 1, 'A96', 'Outras febre por arbovírus e febres hemorrágicas por vírus'),
  (76, 1, 'A97', 'Outras febre por arbovírus e febres hemorrágicas por vírus'),
  (77, 1, 'A98', 'Outras febre por arbovírus e febres hemorrágicas por vírus'),
  (78, 1, 'A99', 'Outras febre por arbovírus e febres hemorrágicas por vírus'),
  (79, 1, 'B00', 'Infecções pelo vírus do herpes'),
  (80, 1, 'B01', 'Varicela e herpes zoster'),
  (81, 1, 'B02', 'Varicela e herpes zoster'),
  (82, 1, 'B05', 'Sarampo'),
  (83, 1, 'B06', 'Rubéola'),
  (84, 1, 'B16', 'Hepatite aguda B'),
  (85, 1, 'B15', 'Outras hepatites virais'),
  (86, 1, 'B17', 'Outras hepatites virais'),
  (87, 1, 'B18', 'Outras hepatites virais'),
  (88, 1, 'B19', 'Outras hepatites virais'),
  (89, 1, 'B20', 'Doença pelo vírus da imunodeficiência humana [HIV]'),
  (90, 1, 'B21', 'Doença pelo vírus da imunodeficiência humana [HIV]'),
  (91, 1, 'B22', 'Doença pelo vírus da imunodeficiência humana [HIV]'),
  (92, 1, 'B23', 'Doença pelo vírus da imunodeficiência humana [HIV]'),
  (93, 1, 'B24', 'Doença pelo vírus da imunodeficiência humana [HIV]'),
  (94, 1, 'B26', 'Caxumba [parotidite epidêmica]'),
  (95, 1, 'A81', 'Outras doenças virais'),
  (96, 1, 'A87', 'Outras doenças virais'),
  (97, 1, 'A88', 'Outras doenças virais'),
  (98, 1, 'A89', 'Outras doenças virais'),
  (99, 1, 'B03', 'Outras doenças virais'),
  (100, 1, 'B04', 'Outras doenças virais'),
  (101, 1, 'B07', 'Outras doenças virais'),
  (102, 1, 'B08', 'Outras doenças virais'),
  (103, 1, 'B09', 'Outras doenças virais'),
  (104, 1, 'B25', 'Outras doenças virais'),
  (105, 1, 'B27', 'Outras doenças virais'),
  (106, 1, 'B28', 'Outras doenças virais'),
  (107, 1, 'B29', 'Outras doenças virais'),
  (108, 1, 'B30', 'Outras doenças virais'),
  (109, 1, 'B31', 'Outras doenças virais'),
  (110, 1, 'B32', 'Outras doenças virais'),
  (111, 1, 'B33', 'Outras doenças virais'),
  (112, 1, 'B34', 'Outras doenças virais'),
  (113, 1, 'B35', 'Micoses'),
  (114, 1, 'B36', 'Micoses'),
  (115, 1, 'B37', 'Micoses'),
  (116, 1, 'B38', 'Micoses'),
  (117, 1, 'B39', 'Micoses'),
  (118, 1, 'B40', 'Micoses'),
  (119, 1, 'B41', 'Micoses'),
  (120, 1, 'B42', 'Micoses'),
  (121, 1, 'B43', 'Micoses'),
  (122, 1, 'B44', 'Micoses'),
  (123, 1, 'B45', 'Micoses'),
  (124, 1, 'B46', 'Micoses'),
  (125, 1, 'B47', 'Micoses'),
  (126, 1, 'B48', 'Micoses'),
  (127, 1, 'B49', 'Micoses'),
  (128, 1, 'B50', 'Malária'),
  (129, 1, 'B51', 'Malária'),
  (130, 1, 'B52', 'Malária'),
  (131, 1, 'B53', 'Malária'),
  (132, 1, 'B54', 'Malária'),
  (133, 1, 'B55', 'Leishmaniose'),
  (134, 1, 'B56', 'Tripanossomíase'),
  (135, 1, 'B57', 'Tripanossomíase'),
  (136, 1, 'B65', 'Esquistossomose'),
  (137, 1, 'B66', 'Outras infestações por trematódeos'),
  (138, 1, 'B67', 'Equinococose'),
  (139, 1, 'B72', 'Dracunculíase'),
  (140, 1, 'B73', 'Oncocercose'),
  (141, 1, 'B74', 'Filariose'),
  (142, 1, 'B76', 'Ancilostomíase'),
  (143, 1, 'B68', 'Outras helmintíases'),
  (144, 1, 'B69', 'Outras helmintíases'),
  (145, 1, 'B70', 'Outras helmintíases'),
  (146, 1, 'B71', 'Outras helmintíases'),
  (147, 1, 'B75', 'Outras helmintíases'),
  (148, 1, 'B77', 'Outras helmintíases'),
  (149, 1, 'B78', 'Outras helmintíases'),
  (150, 1, 'B79', 'Outras helmintíases'),
  (151, 1, 'B80', 'Outras helmintíases'),
  (152, 1, 'B81', 'Outras helmintíases'),
  (153, 1, 'B82', 'Outras helmintíases'),
  (154, 1, 'B83', 'Outras helmintíases'),
  (155, 1, 'B90', 'Seqüelas de tuberculose'),
  (156, 1, 'B91', 'Seqüelas de poliomielite'),
  (157, 1, 'B92', 'Seqüelas de hanseníase [lepra]'),
  (158, 1, 'A65', 'Outras doenças infecciosas e parasitárias'),
  (159, 1, 'A66', 'Outras doenças infecciosas e parasitárias'),
  (160, 1, 'A67', 'Outras doenças infecciosas e parasitárias'),
  (161, 1, 'A69', 'Outras doenças infecciosas e parasitárias'),
  (162, 1, 'A70', 'Outras doenças infecciosas e parasitárias'),
  (163, 1, 'A74', 'Outras doenças infecciosas e parasitárias'),
  (164, 1, 'A77', 'Outras doenças infecciosas e parasitárias'),
  (165, 1, 'A78', 'Outras doenças infecciosas e parasitárias'),
  (166, 1, 'A79', 'Outras doenças infecciosas e parasitárias'),
  (167, 1, 'B58', 'Outras doenças infecciosas e parasitárias'),
  (168, 1, 'B59', 'Outras doenças infecciosas e parasitárias'),
  (169, 1, 'B60', 'Outras doenças infecciosas e parasitárias'),
  (170, 1, 'B61', 'Outras doenças infecciosas e parasitárias'),
  (171, 1, 'B62', 'Outras doenças infecciosas e parasitárias'),
  (172, 1, 'B63', 'Outras doenças infecciosas e parasitárias'),
  (173, 1, 'B64', 'Outras doenças infecciosas e parasitárias'),
  (174, 1, 'B85', 'Outras doenças infecciosas e parasitárias'),
  (175, 1, 'B86', 'Outras doenças infecciosas e parasitárias'),
  (176, 1, 'B87', 'Outras doenças infecciosas e parasitárias'),
  (177, 1, 'B88', 'Outras doenças infecciosas e parasitárias'),
  (178, 1, 'B89', 'Outras doenças infecciosas e parasitárias'),
  (179, 1, 'B94', 'Outras doenças infecciosas e parasitárias'),
  (180, 1, 'B95', 'Outras doenças infecciosas e parasitárias'),
  (181, 1, 'B96', 'Outras doenças infecciosas e parasitárias'),
  (182, 1, 'B97', 'Outras doenças infecciosas e parasitárias'),
  (183, 1, 'B98', 'Outras doenças infecciosas e parasitárias'),
  (184, 1, 'B99', 'Outras doenças infecciosas e parasitárias'),
  (185, 2, 'C00', 'Neoplasia maligna do lábio, cavidade oral e faringe'),
  (186, 2, 'C01', 'Neoplasia maligna do lábio, cavidade oral e faringe'),
  (187, 2, 'C02', 'Neoplasia maligna do lábio, cavidade oral e faringe'),
  (188, 2, 'C03', 'Neoplasia maligna do lábio, cavidade oral e faringe'),
  (189, 2, 'C04', 'Neoplasia maligna do lábio, cavidade oral e faringe'),
  (190, 2, 'C05', 'Neoplasia maligna do lábio, cavidade oral e faringe'),
  (191, 2, 'C06', 'Neoplasia maligna do lábio, cavidade oral e faringe'),
  (192, 2, 'C07', 'Neoplasia maligna do lábio, cavidade oral e faringe'),
  (193, 2, 'C08', 'Neoplasia maligna do lábio, cavidade oral e faringe'),
  (194, 2, 'C09', 'Neoplasia maligna do lábio, cavidade oral e faringe'),
  (195, 2, 'C10', 'Neoplasia maligna do lábio, cavidade oral e faringe'),
  (196, 2, 'C11', 'Neoplasia maligna do lábio, cavidade oral e faringe'),
  (197, 2, 'C12', 'Neoplasia maligna do lábio, cavidade oral e faringe'),
  (198, 2, 'C13', 'Neoplasia maligna do lábio, cavidade oral e faringe'),
  (199, 2, 'C14', 'Neoplasia maligna do lábio, cavidade oral e faringe'),
  (200, 2, 'C15', 'Neoplasia maligna do esôfago'),
  (201, 2, 'C16', 'Neoplasia maligna do estômago'),
  (202, 2, 'C18', 'Neoplasia maligna do cólon'),
  (203, 2, 'C19', 'Neoplasia maligna da junção retossigmóide, reto, ânus e canal anal'),
  (204, 2, 'C20', 'Neoplasia maligna da junção retossigmóide, reto, ânus e canal anal'),
  (205, 2, 'C21', 'Neoplasia maligna da junção retossigmóide, reto, ânus e canal anal'),
  (206, 2, 'C22', 'Neoplasia maligna do fígado e das vias biliares intra-hepáticas'),
  (207, 2, 'C25', 'Neoplasia maligna do pâncreas'),
  (208, 2, 'C17', 'Outras neoplasias malignas de órgãos digestivos'),
  (209, 2, 'C23', 'Outras neoplasias malignas de órgãos digestivos'),
  (210, 2, 'C24', 'Outras neoplasias malignas de órgãos digestivos'),
  (211, 2, 'C26', 'Outras neoplasias malignas de órgãos digestivos'),
  (212, 2, 'C32', 'Neoplasias malignas de laringe'),
  (213, 2, 'C33', 'Neoplasia maligna da traquéia, dos brônquios e dos pulmões'),
  (214, 2, 'C34', 'Neoplasia maligna da traquéia, dos brônquios e dos pulmões'),
  (215, 2, 'C30', 'Outras neoplasias malignas de órgãos respiratórios e intratorácicos'),
  (216, 2, 'C31', 'Outras neoplasias malignas de órgãos respiratórios e intratorácicos'),
  (217, 2, 'C37', 'Outras neoplasias malignas de órgãos respiratórios e intratorácicos'),
  (218, 2, 'C38', 'Outras neoplasias malignas de órgãos respiratórios e intratorácicos'),
  (219, 2, 'C39', 'Outras neoplasias malignas de órgãos respiratórios e intratorácicos'),
  (220, 2, 'C40', 'Neoplasia maligna do osso e da cartilagem articular'),
  (221, 2, 'C41', 'Neoplasia maligna do osso e da cartilagem articular'),
  (222, 2, 'C43', 'Neoplasia maligna da pele'),
  (223, 2, 'C44', 'Outras neoplasias malignas da pele'),
  (224, 2, 'C45', 'Neoplasias malignas do tecido mesotelial e tecidos moles'),
  (225, 2, 'C46', 'Neoplasias malignas do tecido mesotelial e tecidos moles'),
  (226, 2, 'C47', 'Neoplasias malignas do tecido mesotelial e tecidos moles'),
  (227, 2, 'C48', 'Neoplasias malignas do tecido mesotelial e tecidos moles'),
  (228, 2, 'C49', 'Neoplasias malignas do tecido mesotelial e tecidos moles'),
  (229, 2, 'C50', 'Neoplasia maligna da mama'),
  (230, 2, 'C53', 'Neoplasia maligna do colo do útero'),
  (231, 2, 'C54', 'Neoplasia maligna de outras porções e de porções não especificadas do útero'),
  (232, 2, 'C55', 'Neoplasia maligna de outras porções e de porções não especificadas do útero'),
  (233, 2, 'C51', 'Outras neoplasias malignas dos órgãos genitais femininos'),
  (234, 2, 'C52', 'Outras neoplasias malignas dos órgãos genitais femininos'),
  (235, 2, 'C56', 'Outras neoplasias malignas dos órgãos genitais femininos'),
  (236, 2, 'C57', 'Outras neoplasias malignas dos órgãos genitais femininos'),
  (237, 2, 'C58', 'Outras neoplasias malignas dos órgãos genitais femininos'),
  (238, 2, 'C61', 'Neoplasia maligna da próstata'),
  (239, 2, 'C60', 'Outras neoplasias malignas dos órgãos genitais masculinos'),
  (240, 2, 'C62', 'Outras neoplasias malignas dos órgãos genitais masculinos'),
  (241, 2, 'C63', 'Outras neoplasias malignas dos órgãos genitais masculinos'),
  (242, 2, 'C67', 'Neoplasia maligna da bexiga'),
  (243, 2, 'C64', 'Outras neoplasias malignas do trato urinário'),
  (244, 2, 'C65', 'Outras neoplasias malignas do trato urinário'),
  (245, 2, 'C66', 'Outras neoplasias malignas do trato urinário'),
  (246, 2, 'C68', 'Outras neoplasias malignas do trato urinário'),
  (247, 2, 'C69', 'Neoplasia maligna dos olhos e anexos'),
  (248, 2, 'C71', 'Neoplasia maligna do encéfalo'),
  (249, 2, 'C70', 'Neoplasia maligna de outras partes do sistema nervoso central'),
  (250, 2, 'C72', 'Neoplasia maligna de outras partes do sistema nervoso central'),
  (251, 2, 'C73', 'Neoplasias malignas de outras localizações, de localização mal definida, secundárias e de localização não especificada'),
  (252, 2, 'C74', 'Neoplasias malignas de outras localizações, de localização mal definida, secundárias e de localização não especificada'),
  (253, 2, 'C75', 'Neoplasias malignas de outras localizações, de localização mal definida, secundárias e de localização não especificada'),
  (254, 2, 'C76', 'Neoplasias malignas de outras localizações, de localização mal definida, secundárias e de localização não especificada'),
  (255, 2, 'C77', 'Neoplasias malignas de outras localizações, de localização mal definida, secundárias e de localização não especificada'),
  (256, 2, 'C78', 'Neoplasias malignas de outras localizações, de localização mal definida, secundárias e de localização não especificada'),
  (257, 2, 'C79', 'Neoplasias malignas de outras localizações, de localização mal definida, secundárias e de localização não especificada'),
  (258, 2, 'C80', 'Neoplasias malignas de outras localizações, de localização mal definida, secundárias e de localização não especificada'),
  (259, 2, 'C97', 'Neoplasias malignas de outras localizações, de localização mal definida, secundárias e de localização não especificada'),
  (260, 2, 'C81', 'Doença de Hodgkin'),
  (261, 2, 'C82', 'Linfoma não-Hodgkin'),
  (262, 2, 'C83', 'Linfoma não-Hodgkin'),
  (263, 2, 'C84', 'Linfoma não-Hodgkin'),
  (264, 2, 'C85', 'Linfoma não-Hodgkin'),
  (265, 2, 'C91', 'Leucemia'),
  (266, 2, 'C92', 'Leucemia'),
  (267, 2, 'C93', 'Leucemia'),
  (268, 2, 'C94', 'Leucemia'),
  (269, 2, 'C95', 'Leucemia'),
  (270, 2, 'C88', 'Outras neoplasias malignas de tecidos linfóide, hematopoético e relacionados'),
  (271, 2, 'C89', 'Outras neoplasias malignas de tecidos linfóide, hematopoético e relacionados'),
  (272, 2, 'C90', 'Outras neoplasias malignas de tecidos linfóide, hematopoético e relacionados'),
  (273, 2, 'C96', 'Outras neoplasias malignas de tecidos linfóide, hematopoético e relacionados'),
  (274, 2, 'D06', 'Carcinoma in situ de colo do útero'),
  (275, 2, 'D22', 'Neoplasia benigna da pele'),
  (276, 2, 'D23', 'Neoplasia benigna da pele'),
  (277, 2, 'D24', 'Neoplasia benigna da mama'),
  (278, 2, 'D25', 'Leiomioma do útero'),
  (279, 2, 'D27', 'Neoplasia benigna do ovário'),
  (280, 2, 'D30', 'Neoplasia benigna dos órgãos urinários'),
  (281, 2, 'D33', 'Neoplasia benigna do encéfalo e de outras partes do sistema nervoso central'),
  (282, 2, 'D00', 'Outras neoplasias in situ e neoplasias benignas e neoplasias de comportamento incerto ou desconhecido'),
  (283, 2, 'D01', 'Outras neoplasias in situ e neoplasias benignas e neoplasias de comportamento incerto ou desconhecido'),
  (284, 2, 'D02', 'Outras neoplasias in situ e neoplasias benignas e neoplasias de comportamento incerto ou desconhecido'),
  (285, 2, 'D03', 'Outras neoplasias in situ e neoplasias benignas e neoplasias de comportamento incerto ou desconhecido'),
  (286, 2, 'D04', 'Outras neoplasias in situ e neoplasias benignas e neoplasias de comportamento incerto ou desconhecido'),
  (287, 2, 'D05', 'Outras neoplasias in situ e neoplasias benignas e neoplasias de comportamento incerto ou desconhecido'),
  (288, 2, 'D07', 'Outras neoplasias in situ e neoplasias benignas e neoplasias de comportamento incerto ou desconhecido'),
  (289, 2, 'D08', 'Outras neoplasias in situ e neoplasias benignas e neoplasias de comportamento incerto ou desconhecido'),
  (290, 2, 'D09', 'Outras neoplasias in situ e neoplasias benignas e neoplasias de comportamento incerto ou desconhecido'),
  (291, 2, 'D10', 'Outras neoplasias in situ e neoplasias benignas e neoplasias de comportamento incerto ou desconhecido'),
  (292, 2, 'D11', 'Outras neoplasias in situ e neoplasias benignas e neoplasias de comportamento incerto ou desconhecido'),
  (293, 2, 'D12', 'Outras neoplasias in situ e neoplasias benignas e neoplasias de comportamento incerto ou desconhecido'),
  (294, 2, 'D13', 'Outras neoplasias in situ e neoplasias benignas e neoplasias de comportamento incerto ou desconhecido'),
  (295, 2, 'D14', 'Outras neoplasias in situ e neoplasias benignas e neoplasias de comportamento incerto ou desconhecido'),
  (296, 2, 'D15', 'Outras neoplasias in situ e neoplasias benignas e neoplasias de comportamento incerto ou desconhecido'),
  (297, 2, 'D16', 'Outras neoplasias in situ e neoplasias benignas e neoplasias de comportamento incerto ou desconhecido'),
  (298, 2, 'D17', 'Outras neoplasias in situ e neoplasias benignas e neoplasias de comportamento incerto ou desconhecido'),
  (299, 2, 'D18', 'Outras neoplasias in situ e neoplasias benignas e neoplasias de comportamento incerto ou desconhecido'),
  (300, 2, 'D19', 'Outras neoplasias in situ e neoplasias benignas e neoplasias de comportamento incerto ou desconhecido'),
  (301, 2, 'D20', 'Outras neoplasias in situ e neoplasias benignas e neoplasias de comportamento incerto ou desconhecido'),
  (302, 2, 'D21', 'Outras neoplasias in situ e neoplasias benignas e neoplasias de comportamento incerto ou desconhecido'),
  (303, 2, 'D26', 'Outras neoplasias in situ e neoplasias benignas e neoplasias de comportamento incerto ou desconhecido'),
  (304, 2, 'D28', 'Outras neoplasias in situ e neoplasias benignas e neoplasias de comportamento incerto ou desconhecido'),
  (305, 2, 'D29', 'Outras neoplasias in situ e neoplasias benignas e neoplasias de comportamento incerto ou desconhecido'),
  (306, 2, 'D31', 'Outras neoplasias in situ e neoplasias benignas e neoplasias de comportamento incerto ou desconhecido'),
  (307, 2, 'D32', 'Outras neoplasias in situ e neoplasias benignas e neoplasias de comportamento incerto ou desconhecido'),
  (308, 2, 'D34', 'Outras neoplasias in situ e neoplasias benignas e neoplasias de comportamento incerto ou desconhecido'),
  (309, 2, 'D35', 'Outras neoplasias in situ e neoplasias benignas e neoplasias de comportamento incerto ou desconhecido'),
  (310, 2, 'D36', 'Outras neoplasias in situ e neoplasias benignas e neoplasias de comportamento incerto ou desconhecido'),
  (311, 2, 'D37', 'Outras neoplasias in situ e neoplasias benignas e neoplasias de comportamento incerto ou desconhecido'),
  (312, 2, 'D38', 'Outras neoplasias in situ e neoplasias benignas e neoplasias de comportamento incerto ou desconhecido'),
  (313, 2, 'D39', 'Outras neoplasias in situ e neoplasias benignas e neoplasias de comportamento incerto ou desconhecido'),
  (314, 2, 'D40', 'Outras neoplasias in situ e neoplasias benignas e neoplasias de comportamento incerto ou desconhecido'),
  (315, 2, 'D41', 'Outras neoplasias in situ e neoplasias benignas e neoplasias de comportamento incerto ou desconhecido'),
  (316, 2, 'D42', 'Outras neoplasias in situ e neoplasias benignas e neoplasias de comportamento incerto ou desconhecido'),
  (317, 2, 'D43', 'Outras neoplasias in situ e neoplasias benignas e neoplasias de comportamento incerto ou desconhecido'),
  (318, 2, 'D44', 'Outras neoplasias in situ e neoplasias benignas e neoplasias de comportamento incerto ou desconhecido'),
  (319, 2, 'D45', 'Outras neoplasias in situ e neoplasias benignas e neoplasias de comportamento incerto ou desconhecido'),
  (320, 2, 'D46', 'Outras neoplasias in situ e neoplasias benignas e neoplasias de comportamento incerto ou desconhecido'),
  (321, 2, 'D47', 'Outras neoplasias in situ e neoplasias benignas e neoplasias de comportamento incerto ou desconhecido'),
  (322, 2, 'D48', 'Outras neoplasias in situ e neoplasias benignas e neoplasias de comportamento incerto ou desconhecido'),
  (323, 1, 'D50', 'Anemia por deficiência de ferro'),
  (324, 1, 'D51', 'Outras anemias'),
  (325, 1, 'D52', 'Outras anemias'),
  (326, 1, 'D53', 'Outras anemias'),
  (327, 1, 'D54', 'Outras anemias'),
  (328, 1, 'D55', 'Outras anemias'),
  (329, 1, 'D56', 'Outras anemias'),
  (330, 1, 'D57', 'Outras anemias'),
  (331, 1, 'D58', 'Outras anemias'),
  (332, 1, 'D59', 'Outras anemias'),
  (333, 1, 'D60', 'Outras anemias'),
  (334, 1, 'D61', 'Outras anemias'),
  (335, 1, 'D62', 'Outras anemias'),
  (336, 1, 'D63', 'Outras anemias'),
  (337, 1, 'D64', 'Outras anemias'),
  (338, 1, 'D65', 'Afecções hemorrágicas e outras doenças do sangue e dos órgãos hematopoéticos'),
  (339, 1, 'D66', 'Afecções hemorrágicas e outras doenças do sangue e dos órgãos hematopoéticos'),
  (340, 1, 'D67', 'Afecções hemorrágicas e outras doenças do sangue e dos órgãos hematopoéticos'),
  (341, 1, 'D68', 'Afecções hemorrágicas e outras doenças do sangue e dos órgãos hematopoéticos'),
  (342, 1, 'D69', 'Afecções hemorrágicas e outras doenças do sangue e dos órgãos hematopoéticos'),
  (343, 1, 'D70', 'Afecções hemorrágicas e outras doenças do sangue e dos órgãos hematopoéticos'),
  (344, 1, 'D71', 'Afecções hemorrágicas e outras doenças do sangue e dos órgãos hematopoéticos'),
  (345, 1, 'D72', 'Afecções hemorrágicas e outras doenças do sangue e dos órgãos hematopoéticos'),
  (346, 1, 'D73', 'Afecções hemorrágicas e outras doenças do sangue e dos órgãos hematopoéticos'),
  (347, 1, 'D74', 'Afecções hemorrágicas e outras doenças do sangue e dos órgãos hematopoéticos'),
  (348, 1, 'D75', 'Afecções hemorrágicas e outras doenças do sangue e dos órgãos hematopoéticos'),
  (349, 1, 'D76', 'Afecções hemorrágicas e outras doenças do sangue e dos órgãos hematopoéticos'),
  (350, 1, 'D77', 'Afecções hemorrágicas e outras doenças do sangue e dos órgãos hematopoéticos'),
  (351, 1, 'D80', 'Alguns transtornos envolvendo o mecanismo imunitário'),
  (352, 1, 'D81', 'Alguns transtornos envolvendo o mecanismo imunitário'),
  (353, 1, 'D82', 'Alguns transtornos envolvendo o mecanismo imunitário'),
  (354, 1, 'D83', 'Alguns transtornos envolvendo o mecanismo imunitário'),
  (355, 1, 'D84', 'Alguns transtornos envolvendo o mecanismo imunitário'),
  (356, 1, 'D85', 'Alguns transtornos envolvendo o mecanismo imunitário'),
  (357, 1, 'D86', 'Alguns transtornos envolvendo o mecanismo imunitário'),
  (358, 1, 'D87', 'Alguns transtornos envolvendo o mecanismo imunitário'),
  (359, 1, 'D88', 'Alguns transtornos envolvendo o mecanismo imunitário'),
  (360, 1, 'D89', 'Alguns transtornos envolvendo o mecanismo imunitário'),
  (361, 3, 'E00', 'Transtornos tireoidianos relacionados à deficiência de iodo'),
  (362, 3, 'E01', 'Transtornos tireoidianos relacionados à deficiência de iodo'),
  (363, 3, 'E02', 'Transtornos tireoidianos relacionados à deficiência de iodo'),
  (364, 3, 'E05', 'Tireotoxicose'),
  (365, 3, 'E03', 'Outros transtornos tireoidianos'),
  (366, 3, 'E04', 'Outros transtornos tireoidianos'),
  (367, 3, 'E06', 'Outros transtornos tireoidianos'),
  (368, 3, 'E07', 'Outros transtornos tireoidianos'),
  (369, 3, 'E10', 'Diabetes mellitus'),
  (370, 3, 'E11', 'Diabetes mellitus'),
  (371, 3, 'E12', 'Diabetes mellitus'),
  (372, 3, 'E13', 'Diabetes mellitus'),
  (373, 3, 'E14', 'Diabetes mellitus'),
  (374, 3, 'E40', 'Desnutrição'),
  (375, 3, 'E41', 'Desnutrição'),
  (376, 3, 'E42', 'Desnutrição'),
  (377, 3, 'E43', 'Desnutrição'),
  (378, 3, 'E44', 'Desnutrição'),
  (379, 3, 'E45', 'Desnutrição'),
  (380, 3, 'E46', 'Desnutrição'),
  (381, 3, 'E50', 'Deficiência de vitamina A'),
  (382, 3, 'E51', 'Outras deficiências vitamínicas'),
  (383, 3, 'E52', 'Outras deficiências vitamínicas'),
  (384, 3, 'E53', 'Outras deficiências vitamínicas'),
  (385, 3, 'E54', 'Outras deficiências vitamínicas'),
  (386, 3, 'E55', 'Outras deficiências vitamínicas'),
  (387, 3, 'E56', 'Outras deficiências vitamínicas'),
  (388, 3, 'E64', 'Seqüelas de desnutrição e de outras deficiências nutricionais'),
  (389, 3, 'E66', 'Obesidade'),
  (390, 3, 'E86', 'Depleção de volume'),
  (391, 3, 'E15', 'Outros transtornos endócrinos, nutricionais e metabólicos'),
  (392, 3, 'E16', 'Outros transtornos endócrinos, nutricionais e metabólicos'),
  (393, 3, 'E17', 'Outros transtornos endócrinos, nutricionais e metabólicos'),
  (394, 3, 'E18', 'Outros transtornos endócrinos, nutricionais e metabólicos'),
  (395, 3, 'E19', 'Outros transtornos endócrinos, nutricionais e metabólicos'),
  (396, 3, 'E20', 'Outros transtornos endócrinos, nutricionais e metabólicos'),
  (397, 3, 'E21', 'Outros transtornos endócrinos, nutricionais e metabólicos'),
  (398, 3, 'E22', 'Outros transtornos endócrinos, nutricionais e metabólicos'),
  (399, 3, 'E23', 'Outros transtornos endócrinos, nutricionais e metabólicos'),
  (400, 3, 'E24', 'Outros transtornos endócrinos, nutricionais e metabólicos'),
  (401, 3, 'E25', 'Outros transtornos endócrinos, nutricionais e metabólicos'),
  (402, 3, 'E26', 'Outros transtornos endócrinos, nutricionais e metabólicos'),
  (403, 3, 'E27', 'Outros transtornos endócrinos, nutricionais e metabólicos'),
  (404, 3, 'E28', 'Outros transtornos endócrinos, nutricionais e metabólicos'),
  (405, 3, 'E29', 'Outros transtornos endócrinos, nutricionais e metabólicos'),
  (406, 3, 'E30', 'Outros transtornos endócrinos, nutricionais e metabólicos'),
  (407, 3, 'E31', 'Outros transtornos endócrinos, nutricionais e metabólicos'),
  (408, 3, 'E32', 'Outros transtornos endócrinos, nutricionais e metabólicos'),
  (409, 3, 'E33', 'Outros transtornos endócrinos, nutricionais e metabólicos'),
  (410, 3, 'E34', 'Outros transtornos endócrinos, nutricionais e metabólicos'),
  (411, 3, 'E35', 'Outros transtornos endócrinos, nutricionais e metabólicos'),
  (412, 3, 'E58', 'Outros transtornos endócrinos, nutricionais e metabólicos'),
  (413, 3, 'E59', 'Outros transtornos endócrinos, nutricionais e metabólicos'),
  (414, 3, 'E60', 'Outros transtornos endócrinos, nutricionais e metabólicos'),
  (415, 3, 'E61', 'Outros transtornos endócrinos, nutricionais e metabólicos'),
  (416, 3, 'E62', 'Outros transtornos endócrinos, nutricionais e metabólicos'),
  (417, 3, 'E63', 'Outros transtornos endócrinos, nutricionais e metabólicos'),
  (418, 3, 'E65', 'Outros transtornos endócrinos, nutricionais e metabólicos'),
  (419, 3, 'E67', 'Outros transtornos endócrinos, nutricionais e metabólicos'),
  (420, 3, 'E68', 'Outros transtornos endócrinos, nutricionais e metabólicos'),
  (421, 3, 'E69', 'Outros transtornos endócrinos, nutricionais e metabólicos'),
  (422, 3, 'E70', 'Outros transtornos endócrinos, nutricionais e metabólicos'),
  (423, 3, 'E71', 'Outros transtornos endócrinos, nutricionais e metabólicos'),
  (424, 3, 'E72', 'Outros transtornos endócrinos, nutricionais e metabólicos'),
  (425, 3, 'E73', 'Outros transtornos endócrinos, nutricionais e metabólicos'),
  (426, 3, 'E74', 'Outros transtornos endócrinos, nutricionais e metabólicos'),
  (427, 3, 'E75', 'Outros transtornos endócrinos, nutricionais e metabólicos'),
  (428, 3, 'E76', 'Outros transtornos endócrinos, nutricionais e metabólicos'),
  (429, 3, 'E77', 'Outros transtornos endócrinos, nutricionais e metabólicos'),
  (430, 3, 'E78', 'Outros transtornos endócrinos, nutricionais e metabólicos'),
  (431, 3, 'E79', 'Outros transtornos endócrinos, nutricionais e metabólicos'),
  (432, 3, 'E80', 'Outros transtornos endócrinos, nutricionais e metabólicos'),
  (433, 3, 'E81', 'Outros transtornos endócrinos, nutricionais e metabólicos'),
  (434, 3, 'E82', 'Outros transtornos endócrinos, nutricionais e metabólicos'),
  (435, 3, 'E83', 'Outros transtornos endócrinos, nutricionais e metabólicos'),
  (436, 3, 'E84', 'Outros transtornos endócrinos, nutricionais e metabólicos'),
  (437, 3, 'E85', 'Outros transtornos endócrinos, nutricionais e metabólicos'),
  (438, 3, 'E87', 'Outros transtornos endócrinos, nutricionais e metabólicos'),
  (439, 3, 'E88', 'Outros transtornos endócrinos, nutricionais e metabólicos'),
  (440, 3, 'E89', 'Outros transtornos endócrinos, nutricionais e metabólicos'),
  (441, 3, 'E90', 'Outros transtornos endócrinos, nutricionais e metabólicos'),
  (442, 4, 'F00', 'Demência'),
  (443, 4, 'F01', 'Demência'),
  (444, 4, 'F02', 'Demência'),
  (445, 4, 'F03', 'Demência'),
  (446, 4, 'F10', 'Transtornos mentais e comportamentais devidos ao uso de álcool'),
  (447, 4, 'F11', 'Transtornos mentais e comportamentais devidos ao uso de outras substâncias psicoativas'),
  (448, 4, 'F12', 'Transtornos mentais e comportamentais devidos ao uso de outras substâncias psicoativas'),
  (449, 4, 'F13', 'Transtornos mentais e comportamentais devidos ao uso de outras substâncias psicoativas'),
  (450, 4, 'F14', 'Transtornos mentais e comportamentais devidos ao uso de outras substâncias psicoativas'),
  (451, 4, 'F15', 'Transtornos mentais e comportamentais devidos ao uso de outras substâncias psicoativas'),
  (452, 4, 'F16', 'Transtornos mentais e comportamentais devidos ao uso de outras substâncias psicoativas'),
  (453, 4, 'F17', 'Transtornos mentais e comportamentais devidos ao uso de outras substâncias psicoativas'),
  (454, 4, 'F18', 'Transtornos mentais e comportamentais devidos ao uso de outras substâncias psicoativas'),
  (455, 4, 'F19', 'Transtornos mentais e comportamentais devidos ao uso de outras substâncias psicoativas'),
  (456, 4, 'F20', 'Esquizofrenia, transtornos esquizotípicos e delirantes'),
  (457, 4, 'F21', 'Esquizofrenia, transtornos esquizotípicos e delirantes'),
  (458, 4, 'F22', 'Esquizofrenia, transtornos esquizotípicos e delirantes'),
  (459, 4, 'F23', 'Esquizofrenia, transtornos esquizotípicos e delirantes'),
  (460, 4, 'F24', 'Esquizofrenia, transtornos esquizotípicos e delirantes'),
  (461, 4, 'F25', 'Esquizofrenia, transtornos esquizotípicos e delirantes'),
  (462, 4, 'F26', 'Esquizofrenia, transtornos esquizotípicos e delirantes'),
  (463, 4, 'F27', 'Esquizofrenia, transtornos esquizotípicos e delirantes'),
  (464, 4, 'F28', 'Esquizofrenia, transtornos esquizotípicos e delirantes'),
  (465, 4, 'F29', 'Esquizofrenia, transtornos esquizotípicos e delirantes'),
  (466, 4, 'F30', 'Transtornos de humor [afetivos]'),
  (467, 4, 'F31', 'Transtornos de humor [afetivos]'),
  (468, 4, 'F32', 'Transtornos de humor [afetivos]'),
  (469, 4, 'F33', 'Transtornos de humor [afetivos]'),
  (470, 4, 'F34', 'Transtornos de humor [afetivos]'),
  (471, 4, 'F35', 'Transtornos de humor [afetivos]'),
  (472, 4, 'F36', 'Transtornos de humor [afetivos]'),
  (473, 4, 'F37', 'Transtornos de humor [afetivos]'),
  (474, 4, 'F38', 'Transtornos de humor [afetivos]'),
  (475, 4, 'F39', 'Transtornos de humor [afetivos]'),
  (476, 4, 'F40', 'Transtornos neuróticos, transtornos relacionados com o "stress" e transtornos somatoformes'),
  (477, 4, 'F41', 'Transtornos neuróticos, transtornos relacionados com o "stress" e transtornos somatoformes'),
  (478, 4, 'F42', 'Transtornos neuróticos, transtornos relacionados com o "stress" e transtornos somatoformes'),
  (479, 4, 'F43', 'Transtornos neuróticos, transtornos relacionados com o "stress" e transtornos somatoformes'),
  (480, 4, 'F44', 'Transtornos neuróticos, transtornos relacionados com o "stress" e transtornos somatoformes'),
  (481, 4, 'F45', 'Transtornos neuróticos, transtornos relacionados com o "stress" e transtornos somatoformes'),
  (482, 4, 'F46', 'Transtornos neuróticos, transtornos relacionados com o "stress" e transtornos somatoformes'),
  (483, 4, 'F47', 'Transtornos neuróticos, transtornos relacionados com o "stress" e transtornos somatoformes'),
  (484, 4, 'F48', 'Transtornos neuróticos, transtornos relacionados com o "stress" e transtornos somatoformes'),
  (485, 4, 'F70', 'Retardo mental'),
  (486, 4, 'F71', 'Retardo mental'),
  (487, 4, 'F72', 'Retardo mental'),
  (488, 4, 'F73', 'Retardo mental'),
  (489, 4, 'F74', 'Retardo mental'),
  (490, 4, 'F75', 'Retardo mental'),
  (491, 4, 'F76', 'Retardo mental'),
  (492, 4, 'F77', 'Retardo mental'),
  (493, 4, 'F78', 'Retardo mental'),
  (494, 4, 'F79', 'Retardo mental'),
  (495, 4, 'F04', 'Outros transtornos mentais e comportamentais'),
  (496, 4, 'F05', 'Outros transtornos mentais e comportamentais'),
  (497, 4, 'F06', 'Outros transtornos mentais e comportamentais'),
  (498, 4, 'F07', 'Outros transtornos mentais e comportamentais'),
  (499, 4, 'F08', 'Outros transtornos mentais e comportamentais'),
  (500, 4, 'F09', 'Outros transtornos mentais e comportamentais'),
  (501, 4, 'F50', 'Outros transtornos mentais e comportamentais'),
  (502, 4, 'F51', 'Outros transtornos mentais e comportamentais'),
  (503, 4, 'F52', 'Outros transtornos mentais e comportamentais'),
  (504, 4, 'F53', 'Outros transtornos mentais e comportamentais'),
  (505, 4, 'F54', 'Outros transtornos mentais e comportamentais'),
  (506, 4, 'F55', 'Outros transtornos mentais e comportamentais'),
  (507, 4, 'F56', 'Outros transtornos mentais e comportamentais'),
  (508, 4, 'F57', 'Outros transtornos mentais e comportamentais'),
  (509, 4, 'F58', 'Outros transtornos mentais e comportamentais'),
  (510, 4, 'F59', 'Outros transtornos mentais e comportamentais'),
  (511, 4, 'F60', 'Outros transtornos mentais e comportamentais'),
  (512, 4, 'F61', 'Outros transtornos mentais e comportamentais'),
  (513, 4, 'F62', 'Outros transtornos mentais e comportamentais'),
  (514, 4, 'F63', 'Outros transtornos mentais e comportamentais'),
  (515, 4, 'F64', 'Outros transtornos mentais e comportamentais'),
  (516, 4, 'F65', 'Outros transtornos mentais e comportamentais'),
  (517, 4, 'F66', 'Outros transtornos mentais e comportamentais'),
  (518, 4, 'F67', 'Outros transtornos mentais e comportamentais'),
  (519, 4, 'F68', 'Outros transtornos mentais e comportamentais'),
  (520, 4, 'F69', 'Outros transtornos mentais e comportamentais'),
  (521, 4, 'F80', 'Outros transtornos mentais e comportamentais'),
  (522, 4, 'F81', 'Outros transtornos mentais e comportamentais'),
  (523, 4, 'F82', 'Outros transtornos mentais e comportamentais'),
  (524, 4, 'F83', 'Outros transtornos mentais e comportamentais'),
  (525, 4, 'F84', 'Outros transtornos mentais e comportamentais'),
  (526, 4, 'F85', 'Outros transtornos mentais e comportamentais'),
  (527, 4, 'F86', 'Outros transtornos mentais e comportamentais'),
  (528, 4, 'F87', 'Outros transtornos mentais e comportamentais'),
  (529, 4, 'F88', 'Outros transtornos mentais e comportamentais'),
  (530, 4, 'F89', 'Outros transtornos mentais e comportamentais'),
  (531, 4, 'F90', 'Outros transtornos mentais e comportamentais'),
  (532, 4, 'F91', 'Outros transtornos mentais e comportamentais'),
  (533, 4, 'F92', 'Outros transtornos mentais e comportamentais'),
  (534, 4, 'F93', 'Outros transtornos mentais e comportamentais'),
  (535, 4, 'F94', 'Outros transtornos mentais e comportamentais'),
  (536, 4, 'F95', 'Outros transtornos mentais e comportamentais'),
  (537, 4, 'F96', 'Outros transtornos mentais e comportamentais'),
  (538, 4, 'F97', 'Outros transtornos mentais e comportamentais'),
  (539, 4, 'F98', 'Outros transtornos mentais e comportamentais'),
  (540, 4, 'F99', 'Outros transtornos mentais e comportamentais'),
  (541, 5, 'G00', 'Doenças inflamatórias do sistema nervoso central'),
  (542, 5, 'G01', 'Doenças inflamatórias do sistema nervoso central'),
  (543, 5, 'G02', 'Doenças inflamatórias do sistema nervoso central'),
  (544, 5, 'G03', 'Doenças inflamatórias do sistema nervoso central'),
  (545, 5, 'G04', 'Doenças inflamatórias do sistema nervoso central'),
  (546, 5, 'G05', 'Doenças inflamatórias do sistema nervoso central'),
  (547, 5, 'G06', 'Doenças inflamatórias do sistema nervoso central'),
  (548, 5, 'G07', 'Doenças inflamatórias do sistema nervoso central'),
  (549, 5, 'G08', 'Doenças inflamatórias do sistema nervoso central'),
  (550, 5, 'G09', 'Doenças inflamatórias do sistema nervoso central'),
  (551, 5, 'G20', 'Doença de Parkinson'),
  (552, 5, 'G30', 'Doença de Alzheimer'),
  (553, 5, 'G35', 'Esclerose múltiplas'),
  (554, 5, 'G40', 'Epilepsia'),
  (555, 5, 'G41', 'Epilepsia'),
  (556, 5, 'G43', 'Enxaqueca e outras síndromes de algias cefálicos'),
  (557, 5, 'G44', 'Enxaqueca e outras síndromes de algias cefálicos'),
  (558, 5, 'G45', 'Acidentes vasculares cerebrais isquêmicos transitórios e síndromes correlatas'),
  (559, 5, 'G50', 'Transtornos dos nervos, das raízes e dos plexos nervosos'),
  (560, 5, 'G51', 'Transtornos dos nervos, das raízes e dos plexos nervosos'),
  (561, 5, 'G52', 'Transtornos dos nervos, das raízes e dos plexos nervosos'),
  (562, 5, 'G53', 'Transtornos dos nervos, das raízes e dos plexos nervosos'),
  (563, 5, 'G54', 'Transtornos dos nervos, das raízes e dos plexos nervosos'),
  (564, 5, 'G55', 'Transtornos dos nervos, das raízes e dos plexos nervosos'),
  (565, 5, 'G56', 'Transtornos dos nervos, das raízes e dos plexos nervosos'),
  (566, 5, 'G57', 'Transtornos dos nervos, das raízes e dos plexos nervosos'),
  (567, 5, 'G58', 'Transtornos dos nervos, das raízes e dos plexos nervosos'),
  (568, 5, 'G59', 'Transtornos dos nervos, das raízes e dos plexos nervosos'),
  (569, 5, 'G80', 'Paralisia cerebral e outras síndromes paralíticas'),
  (570, 5, 'G81', 'Paralisia cerebral e outras síndromes paralíticas'),
  (571, 5, 'G82', 'Paralisia cerebral e outras síndromes paralíticas'),
  (572, 5, 'G83', 'Paralisia cerebral e outras síndromes paralíticas'),
  (573, 5, 'G10', 'Outras doenças do sistema nervoso'),
  (574, 5, 'G11', 'Outras doenças do sistema nervoso'),
  (575, 5, 'G12', 'Outras doenças do sistema nervoso'),
  (576, 5, 'G13', 'Outras doenças do sistema nervoso'),
  (577, 5, 'G21', 'Outras doenças do sistema nervoso'),
  (578, 5, 'G22', 'Outras doenças do sistema nervoso'),
  (579, 5, 'G23', 'Outras doenças do sistema nervoso'),
  (580, 5, 'G24', 'Outras doenças do sistema nervoso'),
  (581, 5, 'G25', 'Outras doenças do sistema nervoso'),
  (582, 5, 'G26', 'Outras doenças do sistema nervoso'),
  (583, 5, 'G31', 'Outras doenças do sistema nervoso'),
  (584, 5, 'G32', 'Outras doenças do sistema nervoso'),
  (585, 5, 'G36', 'Outras doenças do sistema nervoso'),
  (586, 5, 'G37', 'Outras doenças do sistema nervoso'),
  (587, 5, 'G46', 'Outras doenças do sistema nervoso'),
  (588, 5, 'G47', 'Outras doenças do sistema nervoso'),
  (589, 5, 'G60', 'Outras doenças do sistema nervoso'),
  (590, 5, 'G61', 'Outras doenças do sistema nervoso'),
  (591, 5, 'G62', 'Outras doenças do sistema nervoso'),
  (592, 5, 'G63', 'Outras doenças do sistema nervoso'),
  (593, 5, 'G64', 'Outras doenças do sistema nervoso'),
  (594, 5, 'G65', 'Outras doenças do sistema nervoso'),
  (595, 5, 'G66', 'Outras doenças do sistema nervoso'),
  (596, 5, 'G67', 'Outras doenças do sistema nervoso'),
  (597, 5, 'G68', 'Outras doenças do sistema nervoso'),
  (598, 5, 'G69', 'Outras doenças do sistema nervoso'),
  (599, 5, 'G70', 'Outras doenças do sistema nervoso'),
  (600, 5, 'G71', 'Outras doenças do sistema nervoso'),
  (601, 5, 'G72', 'Outras doenças do sistema nervoso'),
  (602, 5, 'G73', 'Outras doenças do sistema nervoso'),
  (603, 5, 'G90', 'Outras doenças do sistema nervoso'),
  (604, 5, 'G91', 'Outras doenças do sistema nervoso'),
  (605, 5, 'G92', 'Outras doenças do sistema nervoso'),
  (606, 5, 'G93', 'Outras doenças do sistema nervoso'),
  (607, 5, 'G94', 'Outras doenças do sistema nervoso'),
  (608, 5, 'G95', 'Outras doenças do sistema nervoso'),
  (609, 5, 'G96', 'Outras doenças do sistema nervoso'),
  (610, 5, 'G97', 'Outras doenças do sistema nervoso'),
  (611, 5, 'G98', 'Outras doenças do sistema nervoso'),
  (612, 5, 'G99', 'Outras doenças do sistema nervoso'),
  (613, 6, 'H00', 'Inflamação da pálpebra'),
  (614, 6, 'H01', 'Inflamação da pálpebra'),
  (615, 6, 'H10', 'Conjuntivite e outros transtornos da conjuntiva'),
  (616, 6, 'H11', 'Conjuntivite e outros transtornos da conjuntiva'),
  (617, 6, 'H12', 'Conjuntivite e outros transtornos da conjuntiva'),
  (618, 6, 'H13', 'Conjuntivite e outros transtornos da conjuntiva'),
  (619, 6, 'H15', 'Ceratite e outros transtornos da esclerótica e da córnea'),
  (620, 6, 'H16', 'Ceratite e outros transtornos da esclerótica e da córnea'),
  (621, 6, 'H17', 'Ceratite e outros transtornos da esclerótica e da córnea'),
  (622, 6, 'H18', 'Ceratite e outros transtornos da esclerótica e da córnea'),
  (623, 6, 'H19', 'Ceratite e outros transtornos da esclerótica e da córnea'),
  (624, 6, 'H25', 'Catarata e outros transtornos do cristalino'),
  (625, 6, 'H26', 'Catarata e outros transtornos do cristalino'),
  (626, 6, 'H27', 'Catarata e outros transtornos do cristalino'),
  (627, 6, 'H28', 'Catarata e outros transtornos do cristalino'),
  (628, 6, 'H33', 'Descolamentos e defeitos da retina'),
  (629, 6, 'H40', 'Glaucoma'),
  (630, 6, 'H41', 'Glaucoma'),
  (631, 6, 'H42', 'Glaucoma'),
  (632, 6, 'H49', 'Estrabismo'),
  (633, 6, 'H50', 'Estrabismo'),
  (634, 6, 'H52', 'Transtornos da refração e da acomodação'),
  (635, 6, 'H54', 'Cegueira e visão subnormal'),
  (636, 6, 'H02', 'Outras doenças do olho e anexos'),
  (637, 6, 'H03', 'Outras doenças do olho e anexos'),
  (638, 6, 'H04', 'Outras doenças do olho e anexos'),
  (639, 6, 'H05', 'Outras doenças do olho e anexos'),
  (640, 6, 'H06', 'Outras doenças do olho e anexos'),
  (641, 6, 'H20', 'Outras doenças do olho e anexos'),
  (642, 6, 'H21', 'Outras doenças do olho e anexos'),
  (643, 6, 'H22', 'Outras doenças do olho e anexos'),
  (644, 6, 'H30', 'Outras doenças do olho e anexos'),
  (645, 6, 'H31', 'Outras doenças do olho e anexos'),
  (646, 6, 'H32', 'Outras doenças do olho e anexos'),
  (647, 6, 'H34', 'Outras doenças do olho e anexos'),
  (648, 6, 'H35', 'Outras doenças do olho e anexos'),
  (649, 6, 'H36', 'Outras doenças do olho e anexos'),
  (650, 6, 'H43', 'Outras doenças do olho e anexos'),
  (651, 6, 'H44', 'Outras doenças do olho e anexos'),
  (652, 6, 'H45', 'Outras doenças do olho e anexos'),
  (653, 6, 'H46', 'Outras doenças do olho e anexos'),
  (654, 6, 'H47', 'Outras doenças do olho e anexos'),
  (655, 6, 'H48', 'Outras doenças do olho e anexos'),
  (656, 6, 'H51', 'Outras doenças do olho e anexos'),
  (657, 6, 'H53', 'Outras doenças do olho e anexos'),
  (658, 6, 'H55', 'Outras doenças do olho e anexos'),
  (659, 6, 'H56', 'Outras doenças do olho e anexos'),
  (660, 6, 'H57', 'Outras doenças do olho e anexos'),
  (661, 6, 'H58', 'Outras doenças do olho e anexos'),
  (662, 6, 'H59', 'Outras doenças do olho e anexos'),
  (663, 7, 'H65', 'Otite média e outros transtornos do ouvido médio e da apófise mastóide'),
  (664, 7, 'H66', 'Otite média e outros transtornos do ouvido médio e da apófise mastóide'),
  (665, 7, 'H67', 'Otite média e outros transtornos do ouvido médio e da apófise mastóide'),
  (666, 7, 'H68', 'Otite média e outros transtornos do ouvido médio e da apófise mastóide'),
  (667, 7, 'H69', 'Otite média e outros transtornos do ouvido médio e da apófise mastóide'),
  (668, 7, 'H70', 'Otite média e outros transtornos do ouvido médio e da apófise mastóide'),
  (669, 7, 'H71', 'Otite média e outros transtornos do ouvido médio e da apófise mastóide'),
  (670, 7, 'H72', 'Otite média e outros transtornos do ouvido médio e da apófise mastóide'),
  (671, 7, 'H73', 'Otite média e outros transtornos do ouvido médio e da apófise mastóide'),
  (672, 7, 'H74', 'Otite média e outros transtornos do ouvido médio e da apófise mastóide'),
  (673, 7, 'H75', 'Otite média e outros transtornos do ouvido médio e da apófise mastóide'),
  (674, 7, 'H90', 'Perda de audição'),
  (675, 7, 'H91', 'Perda de audição'),
  (676, 7, 'H60', 'Outras doenças do ouvido e da apófise mastóide'),
  (677, 7, 'H61', 'Outras doenças do ouvido e da apófise mastóide'),
  (678, 7, 'H62', 'Outras doenças do ouvido e da apófise mastóide'),
  (679, 7, 'H80', 'Outras doenças do ouvido e da apófise mastóide'),
  (680, 7, 'H81', 'Outras doenças do ouvido e da apófise mastóide'),
  (681, 7, 'H82', 'Outras doenças do ouvido e da apófise mastóide'),
  (682, 7, 'H83', 'Outras doenças do ouvido e da apófise mastóide'),
  (683, 7, 'H92', 'Outras doenças do ouvido e da apófise mastóide'),
  (684, 7, 'H93', 'Outras doenças do ouvido e da apófise mastóide'),
  (685, 7, 'H94', 'Outras doenças do ouvido e da apófise mastóide'),
  (686, 7, 'H95', 'Outras doenças do ouvido e da apófise mastóide'),
  (687, 8, 'I00', 'Febre reumática aguda'),
  (688, 8, 'I01', 'Febre reumática aguda'),
  (689, 8, 'I02', 'Febre reumática aguda'),
  (690, 8, 'I05', 'Doença reumática crônica do coração'),
  (691, 8, 'I06', 'Doença reumática crônica do coração'),
  (692, 8, 'I07', 'Doença reumática crônica do coração'),
  (693, 8, 'I08', 'Doença reumática crônica do coração'),
  (694, 8, 'I09', 'Doença reumática crônica do coração'),
  (695, 8, 'I10', 'Hipertensão essencial (primária)'),
  (696, 8, 'I11', 'Outras doenças hipertensivas'),
  (697, 8, 'I12', 'Outras doenças hipertensivas'),
  (698, 8, 'I13', 'Outras doenças hipertensivas'),
  (699, 8, 'I14', 'Outras doenças hipertensivas'),
  (700, 8, 'I15', 'Outras doenças hipertensivas'),
  (701, 8, 'I21', 'Infarto agudo do miocárdio'),
  (702, 8, 'I22', 'Infarto agudo do miocárdio'),
  (703, 8, 'I20', 'Outras doenças isquêmicas do coração'),
  (704, 8, 'I23', 'Outras doenças isquêmicas do coração'),
  (705, 8, 'I24', 'Outras doenças isquêmicas do coração'),
  (706, 8, 'I25', 'Outras doenças isquêmicas do coração'),
  (707, 8, 'I26', 'Embolia pulmonar'),
  (708, 8, 'I44', 'Transtornos de condução e arritmias cardíacas'),
  (709, 8, 'I45', 'Transtornos de condução e arritmias cardíacas'),
  (710, 8, 'I46', 'Transtornos de condução e arritmias cardíacas'),
  (711, 8, 'I47', 'Transtornos de condução e arritmias cardíacas'),
  (712, 8, 'I48', 'Transtornos de condução e arritmias cardíacas'),
  (713, 8, 'I49', 'Transtornos de condução e arritmias cardíacas'),
  (714, 8, 'I50', 'Insuficiência cardíaca'),
  (715, 8, 'I27', 'Outras doenças do coração'),
  (716, 8, 'I28', 'Outras doenças do coração'),
  (717, 8, 'I29', 'Outras doenças do coração'),
  (718, 8, 'I30', 'Outras doenças do coração'),
  (719, 8, 'I31', 'Outras doenças do coração'),
  (720, 8, 'I32', 'Outras doenças do coração'),
  (721, 8, 'I33', 'Outras doenças do coração'),
  (722, 8, 'I34', 'Outras doenças do coração'),
  (723, 8, 'I35', 'Outras doenças do coração'),
  (724, 8, 'I36', 'Outras doenças do coração'),
  (725, 8, 'I37', 'Outras doenças do coração'),
  (726, 8, 'I38', 'Outras doenças do coração'),
  (727, 8, 'I39', 'Outras doenças do coração'),
  (728, 8, 'I40', 'Outras doenças do coração'),
  (729, 8, 'I41', 'Outras doenças do coração'),
  (730, 8, 'I42', 'Outras doenças do coração'),
  (731, 8, 'I43', 'Outras doenças do coração'),
  (732, 8, 'I51', 'Outras doenças do coração'),
  (733, 8, 'I52', 'Outras doenças do coração'),
  (734, 8, 'I60', 'Hemorragia intracraniana'),
  (735, 8, 'I61', 'Hemorragia intracraniana'),
  (736, 8, 'I62', 'Hemorragia intracraniana'),
  (737, 8, 'I63', 'Infarto cerebral'),
  (738, 8, 'I64', 'Acidente vascular cerebral, não especificado como hemorrágico ou isquêmico'),
  (739, 8, 'I65', 'Outras doenças cerebrovasculares'),
  (740, 8, 'I66', 'Outras doenças cerebrovasculares'),
  (741, 8, 'I67', 'Outras doenças cerebrovasculares'),
  (742, 8, 'I68', 'Outras doenças cerebrovasculares'),
  (743, 8, 'I69', 'Outras doenças cerebrovasculares'),
  (744, 8, 'I70', 'Ateroesclerose'),
  (745, 8, 'I73', 'Outras doenças vasculares periféricas'),
  (746, 8, 'I74', 'Embolia e trombose arteriais'),
  (747, 8, 'I71', 'Outras doenças das artérias, arteríolas e capilares'),
  (748, 8, 'I72', 'Outras doenças das artérias, arteríolas e capilares'),
  (749, 8, 'I77', 'Outras doenças das artérias, arteríolas e capilares'),
  (750, 8, 'I78', 'Outras doenças das artérias, arteríolas e capilares'),
  (751, 8, 'I79', 'Outras doenças das artérias, arteríolas e capilares'),
  (752, 8, 'I80', 'Flebite, tromboflebite, embolia e trombose venosa'),
  (753, 8, 'I81', 'Flebite, tromboflebite, embolia e trombose venosa'),
  (754, 8, 'I82', 'Flebite, tromboflebite, embolia e trombose venosa'),
  (755, 8, 'I83', 'Veias varicosas das extremidades inferiores'),
  (756, 8, 'I84', 'Hemorróidas'),
  (757, 8, 'I85', 'Outras doenças do aparelho circulatório'),
  (758, 8, 'I86', 'Outras doenças do aparelho circulatório'),
  (759, 8, 'I87', 'Outras doenças do aparelho circulatório'),
  (760, 8, 'I88', 'Outras doenças do aparelho circulatório'),
  (761, 8, 'I89', 'Outras doenças do aparelho circulatório'),
  (762, 8, 'I90', 'Outras doenças do aparelho circulatório'),
  (763, 8, 'I91', 'Outras doenças do aparelho circulatório'),
  (764, 8, 'I92', 'Outras doenças do aparelho circulatório'),
  (765, 8, 'I93', 'Outras doenças do aparelho circulatório'),
  (766, 8, 'I94', 'Outras doenças do aparelho circulatório'),
  (767, 8, 'I95', 'Outras doenças do aparelho circulatório'),
  (768, 8, 'I96', 'Outras doenças do aparelho circulatório'),
  (769, 8, 'I97', 'Outras doenças do aparelho circulatório'),
  (770, 8, 'I98', 'Outras doenças do aparelho circulatório'),
  (771, 8, 'I99', 'Outras doenças do aparelho circulatório'),
  (772, 9, 'J02', 'Faringite aguda e amigdalite aguda'),
  (773, 9, 'J03', 'Faringite aguda e amigdalite aguda'),
  (774, 9, 'J04', 'Laringite e traqueíte agudas'),
  (775, 9, 'J00', 'Outras infecções agudas das vias aéreas superiores'),
  (776, 9, 'J01', 'Outras infecções agudas das vias aéreas superiores'),
  (777, 9, 'J05', 'Outras infecções agudas das vias aéreas superiores'),
  (778, 9, 'J06', 'Outras infecções agudas das vias aéreas superiores'),
  (779, 9, 'J09', 'Influenza [gripe]'),
  (780, 9, 'J10', 'Influenza [gripe]'),
  (781, 9, 'J11', 'Influenza [gripe]'),
  (782, 9, 'J12', 'Pneumonia'),
  (783, 9, 'J13', 'Pneumonia'),
  (784, 9, 'J14', 'Pneumonia'),
  (785, 9, 'J15', 'Pneumonia'),
  (786, 9, 'J16', 'Pneumonia'),
  (787, 9, 'J17', 'Pneumonia'),
  (788, 9, 'J18', 'Pneumonia'),
  (789, 9, 'J20', 'Bronquite aguda e bronquiolite aguda'),
  (790, 9, 'J21', 'Bronquite aguda e bronquiolite aguda'),
  (791, 9, 'J32', 'Sinusite crônica'),
  (792, 9, 'J30', 'Outras doenças do nariz e dos seios paranasais'),
  (793, 9, 'J31', 'Outras doenças do nariz e dos seios paranasais'),
  (794, 9, 'J33', 'Outras doenças do nariz e dos seios paranasais'),
  (795, 9, 'J34', 'Outras doenças do nariz e dos seios paranasais'),
  (796, 9, 'J35', 'Doenças crônicas das amígdalas e das adenóides'),
  (797, 9, 'J36', 'Outras doenças do trato respiratório superior'),
  (798, 9, 'J37', 'Outras doenças do trato respiratório superior'),
  (799, 9, 'J38', 'Outras doenças do trato respiratório superior'),
  (800, 9, 'J39', 'Outras doenças do trato respiratório superior'),
  (801, 9, 'J40', 'Bronquite, enfisema e outras doenças pulmonares obstrutivas crônicas'),
  (802, 9, 'J41', 'Bronquite, enfisema e outras doenças pulmonares obstrutivas crônicas'),
  (803, 9, 'J42', 'Bronquite, enfisema e outras doenças pulmonares obstrutivas crônicas'),
  (804, 9, 'J43', 'Bronquite, enfisema e outras doenças pulmonares obstrutivas crônicas'),
  (805, 9, 'J44', 'Bronquite, enfisema e outras doenças pulmonares obstrutivas crônicas'),
  (806, 9, 'J45', 'Asma'),
  (807, 9, 'J46', 'Asma'),
  (808, 9, 'J47', 'Bronquiectasia'),
  (809, 9, 'J60', 'Pneumoconiose'),
  (810, 9, 'J61', 'Pneumoconiose'),
  (811, 9, 'J62', 'Pneumoconiose'),
  (812, 9, 'J63', 'Pneumoconiose'),
  (813, 9, 'J64', 'Pneumoconiose'),
  (814, 9, 'J65', 'Pneumoconiose'),
  (815, 9, 'J22', 'Outras doenças do aparelho respiratório'),
  (816, 9, 'J66', 'Outras doenças do aparelho respiratório'),
  (817, 9, 'J67', 'Outras doenças do aparelho respiratório'),
  (818, 9, 'J68', 'Outras doenças do aparelho respiratório'),
  (819, 9, 'J69', 'Outras doenças do aparelho respiratório'),
  (820, 9, 'J70', 'Outras doenças do aparelho respiratório'),
  (821, 9, 'J71', 'Outras doenças do aparelho respiratório'),
  (822, 9, 'J72', 'Outras doenças do aparelho respiratório'),
  (823, 9, 'J73', 'Outras doenças do aparelho respiratório'),
  (824, 9, 'J74', 'Outras doenças do aparelho respiratório'),
  (825, 9, 'J75', 'Outras doenças do aparelho respiratório'),
  (826, 9, 'J76', 'Outras doenças do aparelho respiratório'),
  (827, 9, 'J77', 'Outras doenças do aparelho respiratório'),
  (828, 9, 'J78', 'Outras doenças do aparelho respiratório'),
  (829, 9, 'J79', 'Outras doenças do aparelho respiratório'),
  (830, 9, 'J80', 'Outras doenças do aparelho respiratório'),
  (831, 9, 'J81', 'Outras doenças do aparelho respiratório'),
  (832, 9, 'J82', 'Outras doenças do aparelho respiratório'),
  (833, 9, 'J83', 'Outras doenças do aparelho respiratório'),
  (834, 9, 'J84', 'Outras doenças do aparelho respiratório'),
  (835, 9, 'J85', 'Outras doenças do aparelho respiratório'),
  (836, 9, 'J86', 'Outras doenças do aparelho respiratório'),
  (837, 9, 'J87', 'Outras doenças do aparelho respiratório'),
  (838, 9, 'J88', 'Outras doenças do aparelho respiratório'),
  (839, 9, 'J89', 'Outras doenças do aparelho respiratório'),
  (840, 9, 'J90', 'Outras doenças do aparelho respiratório'),
  (841, 9, 'J91', 'Outras doenças do aparelho respiratório'),
  (842, 9, 'J92', 'Outras doenças do aparelho respiratório'),
  (843, 9, 'J93', 'Outras doenças do aparelho respiratório'),
  (844, 9, 'J94', 'Outras doenças do aparelho respiratório'),
  (845, 9, 'J95', 'Outras doenças do aparelho respiratório'),
  (846, 9, 'J96', 'Outras doenças do aparelho respiratório'),
  (847, 9, 'J97', 'Outras doenças do aparelho respiratório'),
  (848, 9, 'J98', 'Outras doenças do aparelho respiratório'),
  (849, 9, 'J99', 'Outras doenças do aparelho respiratório'),
  (850, 10, 'K02', 'Cárie dentária'),
  (851, 10, 'K00', 'Outros transtornos dos dentes e estruturas de suporte'),
  (852, 10, 'K01', 'Outros transtornos dos dentes e estruturas de suporte'),
  (853, 10, 'K03', 'Outros transtornos dos dentes e estruturas de suporte'),
  (854, 10, 'K04', 'Outros transtornos dos dentes e estruturas de suporte'),
  (855, 10, 'K05', 'Outros transtornos dos dentes e estruturas de suporte'),
  (856, 10, 'K06', 'Outros transtornos dos dentes e estruturas de suporte'),
  (857, 10, 'K07', 'Outros transtornos dos dentes e estruturas de suporte'),
  (858, 10, 'K08', 'Outros transtornos dos dentes e estruturas de suporte'),
  (859, 10, 'K09', 'Outras doenças da cavidade oral, glândulas salivares e dos maxilares'),
  (860, 10, 'K10', 'Outras doenças da cavidade oral, glândulas salivares e dos maxilares'),
  (861, 10, 'K11', 'Outras doenças da cavidade oral, glândulas salivares e dos maxilares'),
  (862, 10, 'K12', 'Outras doenças da cavidade oral, glândulas salivares e dos maxilares'),
  (863, 10, 'K13', 'Outras doenças da cavidade oral, glândulas salivares e dos maxilares'),
  (864, 10, 'K14', 'Outras doenças da cavidade oral, glândulas salivares e dos maxilares'),
  (865, 10, 'K25', 'Úlcera gástrica e duodenal'),
  (866, 10, 'K26', 'Úlcera gástrica e duodenal'),
  (867, 10, 'K27', 'Úlcera gástrica e duodenal'),
  (868, 10, 'K29', 'Gastrite e duodenite'),
  (869, 10, 'K20', 'Outras doenças do esôfago, estômago e duodeno'),
  (870, 10, 'K21', 'Outras doenças do esôfago, estômago e duodeno'),
  (871, 10, 'K22', 'Outras doenças do esôfago, estômago e duodeno'),
  (872, 10, 'K23', 'Outras doenças do esôfago, estômago e duodeno'),
  (873, 10, 'K28', 'Outras doenças do esôfago, estômago e duodeno'),
  (874, 10, 'K30', 'Outras doenças do esôfago, estômago e duodeno'),
  (875, 10, 'K31', 'Outras doenças do esôfago, estômago e duodeno'),
  (876, 10, 'K35', 'Doenças do apêndice'),
  (877, 10, 'K36', 'Doenças do apêndice'),
  (878, 10, 'K37', 'Doenças do apêndice'),
  (879, 10, 'K38', 'Doenças do apêndice'),
  (880, 10, 'K40', 'Hérnia inguinal'),
  (881, 10, 'K41', 'Outras hérnias'),
  (882, 10, 'K42', 'Outras hérnias'),
  (883, 10, 'K43', 'Outras hérnias'),
  (884, 10, 'K44', 'Outras hérnias'),
  (885, 10, 'K45', 'Outras hérnias'),
  (886, 10, 'K46', 'Outras hérnias'),
  (887, 10, 'K50', 'Doença de Crohn e colite ulcerativa'),
  (888, 10, 'K51', 'Doença de Crohn e colite ulcerativa'),
  (889, 10, 'K56', 'Íleo paralítico e obstrução intestinal sem hérnia'),
  (890, 10, 'K57', 'Doença diverticular do intestino'),
  (891, 10, 'K52', 'Outras doenças dos intestinos e peritônio'),
  (892, 10, 'K53', 'Outras doenças dos intestinos e peritônio'),
  (893, 10, 'K54', 'Outras doenças dos intestinos e peritônio'),
  (894, 10, 'K55', 'Outras doenças dos intestinos e peritônio'),
  (895, 10, 'K58', 'Outras doenças dos intestinos e peritônio'),
  (896, 10, 'K59', 'Outras doenças dos intestinos e peritônio'),
  (897, 10, 'K60', 'Outras doenças dos intestinos e peritônio'),
  (898, 10, 'K61', 'Outras doenças dos intestinos e peritônio'),
  (899, 10, 'K62', 'Outras doenças dos intestinos e peritônio'),
  (900, 10, 'K63', 'Outras doenças dos intestinos e peritônio'),
  (901, 10, 'K64', 'Outras doenças dos intestinos e peritônio'),
  (902, 10, 'K65', 'Outras doenças dos intestinos e peritônio'),
  (903, 10, 'K66', 'Outras doenças dos intestinos e peritônio'),
  (904, 10, 'K67', 'Outras doenças dos intestinos e peritônio'),
  (905, 10, 'K70', 'Doença alcoólica do fígado'),
  (906, 10, 'K71', 'Outras doenças do fígado'),
  (907, 10, 'K72', 'Outras doenças do fígado'),
  (908, 10, 'K73', 'Outras doenças do fígado'),
  (909, 10, 'K74', 'Outras doenças do fígado'),
  (910, 10, 'K75', 'Outras doenças do fígado'),
  (911, 10, 'K76', 'Outras doenças do fígado'),
  (912, 10, 'K77', 'Outras doenças do fígado'),
  (913, 10, 'K80', 'Colelitíase e colecistite'),
  (914, 10, 'K81', 'Colelitíase e colecistite'),
  (915, 10, 'K85', 'Pancreatite aguda e outras doenças do pâncreas'),
  (916, 10, 'K86', 'Pancreatite aguda e outras doenças do pâncreas'),
  (917, 10, 'K82', 'Outras doenças do aparelho digestivo'),
  (918, 10, 'K83', 'Outras doenças do aparelho digestivo'),
  (919, 10, 'K87', 'Outras doenças do aparelho digestivo'),
  (920, 10, 'K88', 'Outras doenças do aparelho digestivo'),
  (921, 10, 'K89', 'Outras doenças do aparelho digestivo'),
  (922, 10, 'K90', 'Outras doenças do aparelho digestivo'),
  (923, 10, 'K91', 'Outras doenças do aparelho digestivo'),
  (924, 10, 'K92', 'Outras doenças do aparelho digestivo'),
  (925, 10, 'K93', 'Outras doenças do aparelho digestivo'),
  (926, 11, 'L00', 'Infecções da pele e do tecido subcutâneo'),
  (927, 11, 'L01', 'Infecções da pele e do tecido subcutâneo'),
  (928, 11, 'L02', 'Infecções da pele e do tecido subcutâneo'),
  (929, 11, 'L03', 'Infecções da pele e do tecido subcutâneo'),
  (930, 11, 'L04', 'Infecções da pele e do tecido subcutâneo'),
  (931, 11, 'L05', 'Infecções da pele e do tecido subcutâneo'),
  (932, 11, 'L06', 'Infecções da pele e do tecido subcutâneo'),
  (933, 11, 'L07', 'Infecções da pele e do tecido subcutâneo'),
  (934, 11, 'L08', 'Infecções da pele e do tecido subcutâneo'),
  (935, 11, 'L10', 'Outras doenças da pele e do tecido subcutâneo'),
  (936, 11, 'L11', 'Outras doenças da pele e do tecido subcutâneo'),
  (937, 11, 'L12', 'Outras doenças da pele e do tecido subcutâneo'),
  (938, 11, 'L13', 'Outras doenças da pele e do tecido subcutâneo'),
  (939, 11, 'L14', 'Outras doenças da pele e do tecido subcutâneo'),
  (940, 11, 'L15', 'Outras doenças da pele e do tecido subcutâneo'),
  (941, 11, 'L16', 'Outras doenças da pele e do tecido subcutâneo'),
  (942, 11, 'L17', 'Outras doenças da pele e do tecido subcutâneo'),
  (943, 11, 'L18', 'Outras doenças da pele e do tecido subcutâneo'),
  (944, 11, 'L19', 'Outras doenças da pele e do tecido subcutâneo'),
  (945, 11, 'L20', 'Outras doenças da pele e do tecido subcutâneo'),
  (946, 11, 'L21', 'Outras doenças da pele e do tecido subcutâneo'),
  (947, 11, 'L22', 'Outras doenças da pele e do tecido subcutâneo'),
  (948, 11, 'L23', 'Outras doenças da pele e do tecido subcutâneo'),
  (949, 11, 'L24', 'Outras doenças da pele e do tecido subcutâneo'),
  (950, 11, 'L25', 'Outras doenças da pele e do tecido subcutâneo'),
  (951, 11, 'L26', 'Outras doenças da pele e do tecido subcutâneo'),
  (952, 11, 'L27', 'Outras doenças da pele e do tecido subcutâneo'),
  (953, 11, 'L28', 'Outras doenças da pele e do tecido subcutâneo'),
  (954, 11, 'L29', 'Outras doenças da pele e do tecido subcutâneo'),
  (955, 11, 'L30', 'Outras doenças da pele e do tecido subcutâneo'),
  (956, 11, 'L31', 'Outras doenças da pele e do tecido subcutâneo'),
  (957, 11, 'L32', 'Outras doenças da pele e do tecido subcutâneo'),
  (958, 11, 'L33', 'Outras doenças da pele e do tecido subcutâneo'),
  (959, 11, 'L34', 'Outras doenças da pele e do tecido subcutâneo'),
  (960, 11, 'L35', 'Outras doenças da pele e do tecido subcutâneo'),
  (961, 11, 'L36', 'Outras doenças da pele e do tecido subcutâneo'),
  (962, 11, 'L37', 'Outras doenças da pele e do tecido subcutâneo'),
  (963, 11, 'L38', 'Outras doenças da pele e do tecido subcutâneo'),
  (964, 11, 'L39', 'Outras doenças da pele e do tecido subcutâneo'),
  (965, 11, 'L40', 'Outras doenças da pele e do tecido subcutâneo'),
  (966, 11, 'L41', 'Outras doenças da pele e do tecido subcutâneo'),
  (967, 11, 'L42', 'Outras doenças da pele e do tecido subcutâneo'),
  (968, 11, 'L43', 'Outras doenças da pele e do tecido subcutâneo'),
  (969, 11, 'L44', 'Outras doenças da pele e do tecido subcutâneo'),
  (970, 11, 'L45', 'Outras doenças da pele e do tecido subcutâneo'),
  (971, 11, 'L46', 'Outras doenças da pele e do tecido subcutâneo'),
  (972, 11, 'L47', 'Outras doenças da pele e do tecido subcutâneo'),
  (973, 11, 'L48', 'Outras doenças da pele e do tecido subcutâneo'),
  (974, 11, 'L49', 'Outras doenças da pele e do tecido subcutâneo'),
  (975, 11, 'L50', 'Outras doenças da pele e do tecido subcutâneo'),
  (976, 11, 'L51', 'Outras doenças da pele e do tecido subcutâneo'),
  (977, 11, 'L52', 'Outras doenças da pele e do tecido subcutâneo'),
  (978, 11, 'L53', 'Outras doenças da pele e do tecido subcutâneo'),
  (979, 11, 'L54', 'Outras doenças da pele e do tecido subcutâneo'),
  (980, 11, 'L55', 'Outras doenças da pele e do tecido subcutâneo'),
  (981, 11, 'L56', 'Outras doenças da pele e do tecido subcutâneo'),
  (982, 11, 'L57', 'Outras doenças da pele e do tecido subcutâneo'),
  (983, 11, 'L58', 'Outras doenças da pele e do tecido subcutâneo'),
  (984, 11, 'L59', 'Outras doenças da pele e do tecido subcutâneo'),
  (985, 11, 'L60', 'Outras doenças da pele e do tecido subcutâneo'),
  (986, 11, 'L61', 'Outras doenças da pele e do tecido subcutâneo'),
  (987, 11, 'L62', 'Outras doenças da pele e do tecido subcutâneo'),
  (988, 11, 'L63', 'Outras doenças da pele e do tecido subcutâneo'),
  (989, 11, 'L64', 'Outras doenças da pele e do tecido subcutâneo'),
  (990, 11, 'L65', 'Outras doenças da pele e do tecido subcutâneo'),
  (991, 11, 'L66', 'Outras doenças da pele e do tecido subcutâneo'),
  (992, 11, 'L67', 'Outras doenças da pele e do tecido subcutâneo'),
  (993, 11, 'L68', 'Outras doenças da pele e do tecido subcutâneo'),
  (994, 11, 'L69', 'Outras doenças da pele e do tecido subcutâneo'),
  (995, 11, 'L70', 'Outras doenças da pele e do tecido subcutâneo'),
  (996, 11, 'L71', 'Outras doenças da pele e do tecido subcutâneo'),
  (997, 11, 'L72', 'Outras doenças da pele e do tecido subcutâneo'),
  (998, 11, 'L73', 'Outras doenças da pele e do tecido subcutâneo'),
  (999, 11, 'L74', 'Outras doenças da pele e do tecido subcutâneo'),
  (1000, 11, 'L75', 'Outras doenças da pele e do tecido subcutâneo'),
  (1001, 11, 'L76', 'Outras doenças da pele e do tecido subcutâneo'),
  (1002, 11, 'L77', 'Outras doenças da pele e do tecido subcutâneo'),
  (1003, 11, 'L78', 'Outras doenças da pele e do tecido subcutâneo'),
  (1004, 11, 'L79', 'Outras doenças da pele e do tecido subcutâneo'),
  (1005, 11, 'L80', 'Outras doenças da pele e do tecido subcutâneo'),
  (1006, 11, 'L81', 'Outras doenças da pele e do tecido subcutâneo'),
  (1007, 11, 'L82', 'Outras doenças da pele e do tecido subcutâneo'),
  (1008, 11, 'L83', 'Outras doenças da pele e do tecido subcutâneo'),
  (1009, 11, 'L84', 'Outras doenças da pele e do tecido subcutâneo'),
  (1010, 11, 'L85', 'Outras doenças da pele e do tecido subcutâneo'),
  (1011, 11, 'L86', 'Outras doenças da pele e do tecido subcutâneo'),
  (1012, 11, 'L87', 'Outras doenças da pele e do tecido subcutâneo'),
  (1013, 11, 'L88', 'Outras doenças da pele e do tecido subcutâneo'),
  (1014, 11, 'L89', 'Outras doenças da pele e do tecido subcutâneo'),
  (1015, 11, 'L90', 'Outras doenças da pele e do tecido subcutâneo'),
  (1016, 11, 'L91', 'Outras doenças da pele e do tecido subcutâneo'),
  (1017, 11, 'L92', 'Outras doenças da pele e do tecido subcutâneo'),
  (1018, 11, 'L93', 'Outras doenças da pele e do tecido subcutâneo'),
  (1019, 11, 'L94', 'Outras doenças da pele e do tecido subcutâneo'),
  (1020, 11, 'L95', 'Outras doenças da pele e do tecido subcutâneo'),
  (1021, 11, 'L96', 'Outras doenças da pele e do tecido subcutâneo'),
  (1022, 11, 'L97', 'Outras doenças da pele e do tecido subcutâneo'),
  (1023, 11, 'L98', 'Outras doenças da pele e do tecido subcutâneo'),
  (1024, 11, 'L99', 'Outras doenças da pele e do tecido subcutâneo'),
  (1025, 12, 'M05', 'Artrite reumatóide e outras poliartropatias inflamatórias'),
  (1026, 12, 'M06', 'Artrite reumatóide e outras poliartropatias inflamatórias'),
  (1027, 12, 'M07', 'Artrite reumatóide e outras poliartropatias inflamatórias'),
  (1028, 12, 'M08', 'Artrite reumatóide e outras poliartropatias inflamatórias'),
  (1029, 12, 'M09', 'Artrite reumatóide e outras poliartropatias inflamatórias'),
  (1030, 12, 'M10', 'Artrite reumatóide e outras poliartropatias inflamatórias'),
  (1031, 12, 'M11', 'Artrite reumatóide e outras poliartropatias inflamatórias'),
  (1032, 12, 'M12', 'Artrite reumatóide e outras poliartropatias inflamatórias'),
  (1033, 12, 'M13', 'Artrite reumatóide e outras poliartropatias inflamatórias'),
  (1034, 12, 'M14', 'Artrite reumatóide e outras poliartropatias inflamatórias'),
  (1035, 12, 'M15', 'Artrose'),
  (1036, 12, 'M16', 'Artrose'),
  (1037, 12, 'M17', 'Artrose'),
  (1038, 12, 'M18', 'Artrose'),
  (1039, 12, 'M19', 'Artrose'),
  (1040, 12, 'M20', 'Deformidades adquiridas das articulações'),
  (1041, 12, 'M21', 'Deformidades adquiridas das articulações'),
  (1042, 12, 'M00', 'Outros transtronos articulares'),
  (1043, 12, 'M01', 'Outros transtronos articulares'),
  (1044, 12, 'M02', 'Outros transtronos articulares'),
  (1045, 12, 'M03', 'Outros transtronos articulares'),
  (1046, 12, 'M22', 'Outros transtronos articulares'),
  (1047, 12, 'M23', 'Outros transtronos articulares'),
  (1048, 12, 'M24', 'Outros transtronos articulares'),
  (1049, 12, 'M25', 'Outros transtronos articulares'),
  (1050, 12, 'M30', 'Doenças sistêmicas do tecido conjuntivo'),
  (1051, 12, 'M31', 'Doenças sistêmicas do tecido conjuntivo'),
  (1052, 12, 'M32', 'Doenças sistêmicas do tecido conjuntivo'),
  (1053, 12, 'M33', 'Doenças sistêmicas do tecido conjuntivo'),
  (1054, 12, 'M34', 'Doenças sistêmicas do tecido conjuntivo'),
  (1055, 12, 'M35', 'Doenças sistêmicas do tecido conjuntivo'),
  (1056, 12, 'M36', 'Doenças sistêmicas do tecido conjuntivo'),
  (1057, 12, 'M50', 'Transtornos discais cervicais e outros transtornos discais intervertebrais'),
  (1058, 12, 'M51', 'Transtornos discais cervicais e outros transtornos discais intervertebrais'),
  (1059, 12, 'M40', 'Outras dorsopatias'),
  (1060, 12, 'M41', 'Outras dorsopatias'),
  (1061, 12, 'M42', 'Outras dorsopatias'),
  (1062, 12, 'M43', 'Outras dorsopatias'),
  (1063, 12, 'M44', 'Outras dorsopatias'),
  (1064, 12, 'M45', 'Outras dorsopatias'),
  (1065, 12, 'M46', 'Outras dorsopatias'),
  (1066, 12, 'M47', 'Outras dorsopatias'),
  (1067, 12, 'M48', 'Outras dorsopatias'),
  (1068, 12, 'M49', 'Outras dorsopatias'),
  (1069, 12, 'M53', 'Outras dorsopatias'),
  (1070, 12, 'M54', 'Outras dorsopatias'),
  (1071, 12, 'M60', 'Transtornos do tecido mole'),
  (1072, 12, 'M61', 'Transtornos do tecido mole'),
  (1073, 12, 'M62', 'Transtornos do tecido mole'),
  (1074, 12, 'M63', 'Transtornos do tecido mole'),
  (1075, 12, 'M64', 'Transtornos do tecido mole'),
  (1076, 12, 'M65', 'Transtornos do tecido mole'),
  (1077, 12, 'M66', 'Transtornos do tecido mole'),
  (1078, 12, 'M67', 'Transtornos do tecido mole'),
  (1079, 12, 'M68', 'Transtornos do tecido mole'),
  (1080, 12, 'M69', 'Transtornos do tecido mole'),
  (1081, 12, 'M70', 'Transtornos do tecido mole'),
  (1082, 12, 'M71', 'Transtornos do tecido mole'),
  (1083, 12, 'M72', 'Transtornos do tecido mole'),
  (1084, 12, 'M73', 'Transtornos do tecido mole'),
  (1085, 12, 'M74', 'Transtornos do tecido mole'),
  (1086, 12, 'M75', 'Transtornos do tecido mole'),
  (1087, 12, 'M76', 'Transtornos do tecido mole'),
  (1088, 12, 'M77', 'Transtornos do tecido mole'),
  (1089, 12, 'M78', 'Transtornos do tecido mole'),
  (1090, 12, 'M79', 'Transtornos do tecido mole'),
  (1091, 12, 'M80', 'Transtornos da densidade e da estrutura ósseas'),
  (1092, 12, 'M81', 'Transtornos da densidade e da estrutura ósseas'),
  (1093, 12, 'M82', 'Transtornos da densidade e da estrutura ósseas'),
  (1094, 12, 'M83', 'Transtornos da densidade e da estrutura ósseas'),
  (1095, 12, 'M84', 'Transtornos da densidade e da estrutura ósseas'),
  (1096, 12, 'M85', 'Transtornos da densidade e da estrutura ósseas'),
  (1097, 12, 'M86', 'Osteomielite'),
  (1098, 12, 'M87', 'Outras doenças do sistema osteomuscular e do tecido conjuntivo'),
  (1099, 12, 'M88', 'Outras doenças do sistema osteomuscular e do tecido conjuntivo'),
  (1100, 12, 'M89', 'Outras doenças do sistema osteomuscular e do tecido conjuntivo'),
  (1101, 12, 'M90', 'Outras doenças do sistema osteomuscular e do tecido conjuntivo'),
  (1102, 12, 'M91', 'Outras doenças do sistema osteomuscular e do tecido conjuntivo'),
  (1103, 12, 'M92', 'Outras doenças do sistema osteomuscular e do tecido conjuntivo'),
  (1104, 12, 'M93', 'Outras doenças do sistema osteomuscular e do tecido conjuntivo'),
  (1105, 12, 'M94', 'Outras doenças do sistema osteomuscular e do tecido conjuntivo'),
  (1106, 12, 'M95', 'Outras doenças do sistema osteomuscular e do tecido conjuntivo'),
  (1107, 12, 'M96', 'Outras doenças do sistema osteomuscular e do tecido conjuntivo'),
  (1108, 12, 'M97', 'Outras doenças do sistema osteomuscular e do tecido conjuntivo'),
  (1109, 12, 'M98', 'Outras doenças do sistema osteomuscular e do tecido conjuntivo'),
  (1110, 12, 'M99', 'Outras doenças do sistema osteomuscular e do tecido conjuntivo'),
  (1111, 13, 'N00', 'Síndrome nefríticas aguda e rapidamente progressiva'),
  (1112, 13, 'N01', 'Síndrome nefríticas aguda e rapidamente progressiva'),
  (1113, 13, 'N02', 'Outras doenças glomerulares'),
  (1114, 13, 'N03', 'Outras doenças glomerulares'),
  (1115, 13, 'N04', 'Outras doenças glomerulares'),
  (1116, 13, 'N05', 'Outras doenças glomerulares'),
  (1117, 13, 'N06', 'Outras doenças glomerulares'),
  (1118, 13, 'N07', 'Outras doenças glomerulares'),
  (1119, 13, 'N08', 'Outras doenças glomerulares'),
  (1120, 13, 'N10', 'Doenças renais túbulo-intersticiais'),
  (1121, 13, 'N11', 'Doenças renais túbulo-intersticiais'),
  (1122, 13, 'N12', 'Doenças renais túbulo-intersticiais'),
  (1123, 13, 'N13', 'Doenças renais túbulo-intersticiais'),
  (1124, 13, 'N14', 'Doenças renais túbulo-intersticiais'),
  (1125, 13, 'N15', 'Doenças renais túbulo-intersticiais'),
  (1126, 13, 'N16', 'Doenças renais túbulo-intersticiais'),
  (1127, 13, 'N17', 'Insuficiência renal'),
  (1128, 13, 'N18', 'Insuficiência renal'),
  (1129, 13, 'N19', 'Insuficiência renal'),
  (1130, 13, 'N20', 'Urolitíase'),
  (1131, 13, 'N21', 'Urolitíase'),
  (1132, 13, 'N22', 'Urolitíase'),
  (1133, 13, 'N23', 'Urolitíase'),
  (1134, 13, 'N30', 'Cistite'),
  (1135, 13, 'N25', 'Outras doenças do aparelho urinário'),
  (1136, 13, 'N26', 'Outras doenças do aparelho urinário'),
  (1137, 13, 'N27', 'Outras doenças do aparelho urinário'),
  (1138, 13, 'N28', 'Outras doenças do aparelho urinário'),
  (1139, 13, 'N29', 'Outras doenças do aparelho urinário'),
  (1140, 13, 'N31', 'Outras doenças do aparelho urinário'),
  (1141, 13, 'N32', 'Outras doenças do aparelho urinário'),
  (1142, 13, 'N33', 'Outras doenças do aparelho urinário'),
  (1143, 13, 'N34', 'Outras doenças do aparelho urinário'),
  (1144, 13, 'N35', 'Outras doenças do aparelho urinário'),
  (1145, 13, 'N36', 'Outras doenças do aparelho urinário'),
  (1146, 13, 'N37', 'Outras doenças do aparelho urinário'),
  (1147, 13, 'N38', 'Outras doenças do aparelho urinário'),
  (1148, 13, 'N39', 'Outras doenças do aparelho urinário'),
  (1149, 13, 'N40', 'Hiperplasia da próstata'),
  (1150, 13, 'N41', 'Outros transtornos da próstata'),
  (1151, 13, 'N42', 'Outros transtornos da próstata'),
  (1152, 13, 'N43', 'Hidrocele e espermatocele'),
  (1153, 13, 'N47', 'Preprúcio redundante, fimose e parafimose'),
  (1154, 13, 'N44', 'Outras doenças dos órgãos genitais masculinos'),
  (1155, 13, 'N45', 'Outras doenças dos órgãos genitais masculinos'),
  (1156, 13, 'N46', 'Outras doenças dos órgãos genitais masculinos'),
  (1157, 13, 'N48', 'Outras doenças dos órgãos genitais masculinos'),
  (1158, 13, 'N49', 'Outras doenças dos órgãos genitais masculinos'),
  (1159, 13, 'N50', 'Outras doenças dos órgãos genitais masculinos'),
  (1160, 13, 'N51', 'Outras doenças dos órgãos genitais masculinos'),
  (1161, 13, 'N60', 'Transtornos da mama'),
  (1162, 13, 'N61', 'Transtornos da mama'),
  (1163, 13, 'N62', 'Transtornos da mama'),
  (1164, 13, 'N63', 'Transtornos da mama'),
  (1165, 13, 'N64', 'Transtornos da mama'),
  (1166, 13, 'N70', 'Salpingite e ooforite'),
  (1167, 13, 'N72', 'Doença inflamatória do colo do útero'),
  (1168, 13, 'N71', 'Outras doenças inflamatórias dos órgãos pélvicos femininos'),
  (1169, 13, 'N73', 'Outras doenças inflamatórias dos órgãos pélvicos femininos'),
  (1170, 13, 'N74', 'Outras doenças inflamatórias dos órgãos pélvicos femininos'),
  (1171, 13, 'N75', 'Outras doenças inflamatórias dos órgãos pélvicos femininos'),
  (1172, 13, 'N76', 'Outras doenças inflamatórias dos órgãos pélvicos femininos'),
  (1173, 13, 'N77', 'Outras doenças inflamatórias dos órgãos pélvicos femininos'),
  (1174, 13, 'N80', 'Endometriose'),
  (1175, 13, 'N81', 'Prolapso genital feminino'),
  (1176, 13, 'N83', 'Transtornos não-inflamatórios do ovário, da trompa de Falópio e do ligamento largo'),
  (1177, 13, 'N91', 'Transtornos da menstruação'),
  (1178, 13, 'N92', 'Transtornos da menstruação'),
  (1179, 13, 'N95', 'Transtornos menopáusicos e outros transtornos perimenopáusicos'),
  (1180, 13, 'N97', 'Infertilidade feminina'),
  (1181, 13, 'N82', 'Outros transtornos do aparelho geniturinário'),
  (1182, 13, 'N84', 'Outros transtornos do aparelho geniturinário'),
  (1183, 13, 'N85', 'Outros transtornos do aparelho geniturinário'),
  (1184, 13, 'N86', 'Outros transtornos do aparelho geniturinário'),
  (1185, 13, 'N87', 'Outros transtornos do aparelho geniturinário'),
  (1186, 13, 'N88', 'Outros transtornos do aparelho geniturinário'),
  (1187, 13, 'N89', 'Outros transtornos do aparelho geniturinário'),
  (1188, 13, 'N90', 'Outros transtornos do aparelho geniturinário'),
  (1189, 13, 'N93', 'Outros transtornos do aparelho geniturinário'),
  (1190, 13, 'N94', 'Outros transtornos do aparelho geniturinário'),
  (1191, 13, 'N96', 'Outros transtornos do aparelho geniturinário'),
  (1192, 13, 'N98', 'Outros transtornos do aparelho geniturinário'),
  (1193, 13, 'N99', 'Outros transtornos do aparelho geniturinário'),
  (1194, 14, 'O03', 'Aborto espontâneo'),
  (1195, 14, 'O04', 'Aborto por razões médicas'),
  (1196, 14, 'O00', 'Outras gravidezes que terminam em aborto'),
  (1197, 14, 'O01', 'Outras gravidezes que terminam em aborto'),
  (1198, 14, 'O02', 'Outras gravidezes que terminam em aborto'),
  (1199, 14, 'O05', 'Outras gravidezes que terminam em aborto'),
  (1200, 14, 'O06', 'Outras gravidezes que terminam em aborto'),
  (1201, 14, 'O07', 'Outras gravidezes que terminam em aborto'),
  (1202, 14, 'O08', 'Outras gravidezes que terminam em aborto'),
  (1203, 14, 'O10', 'Edema, proteinúria e transtornos hipertensivos na gravidez, parto e puerpério'),
  (1204, 14, 'O11', 'Edema, proteinúria e transtornos hipertensivos na gravidez, parto e puerpério'),
  (1205, 14, 'O12', 'Edema, proteinúria e transtornos hipertensivos na gravidez, parto e puerpério'),
  (1206, 14, 'O13', 'Edema, proteinúria e transtornos hipertensivos na gravidez, parto e puerpério'),
  (1207, 14, 'O14', 'Edema, proteinúria e transtornos hipertensivos na gravidez, parto e puerpério'),
  (1208, 14, 'O15', 'Edema, proteinúria e transtornos hipertensivos na gravidez, parto e puerpério'),
  (1209, 14, 'O16', 'Edema, proteinúria e transtornos hipertensivos na gravidez, parto e puerpério'),
  (1210, 14, 'O44', 'Placenta prévia, descolamento prematuro de placenta e hemorragia anteparto'),
  (1211, 14, 'O45', 'Placenta prévia, descolamento prematuro de placenta e hemorragia anteparto'),
  (1212, 14, 'O46', 'Placenta prévia, descolamento prematuro de placenta e hemorragia anteparto'),
  (1213, 14, 'O30', 'Outros motivos de assistência à mãe relacionados à cavidade fetal e amniótica, e possíveis problemas de parto'),
  (1214, 14, 'O31', 'Outros motivos de assistência à mãe relacionados à cavidade fetal e amniótica, e possíveis problemas de parto'),
  (1215, 14, 'O32', 'Outros motivos de assistência à mãe relacionados à cavidade fetal e amniótica, e possíveis problemas de parto'),
  (1216, 14, 'O33', 'Outros motivos de assistência à mãe relacionados à cavidade fetal e amniótica, e possíveis problemas de parto'),
  (1217, 14, 'O34', 'Outros motivos de assistência à mãe relacionados à cavidade fetal e amniótica, e possíveis problemas de parto'),
  (1218, 14, 'O35', 'Outros motivos de assistência à mãe relacionados à cavidade fetal e amniótica, e possíveis problemas de parto'),
  (1219, 14, 'O36', 'Outros motivos de assistência à mãe relacionados à cavidade fetal e amniótica, e possíveis problemas de parto'),
  (1220, 14, 'O37', 'Outros motivos de assistência à mãe relacionados à cavidade fetal e amniótica, e possíveis problemas de parto'),
  (1221, 14, 'O38', 'Outros motivos de assistência à mãe relacionados à cavidade fetal e amniótica, e possíveis problemas de parto'),
  (1222, 14, 'O39', 'Outros motivos de assistência à mãe relacionados à cavidade fetal e amniótica, e possíveis problemas de parto'),
  (1223, 14, 'O40', 'Outros motivos de assistência à mãe relacionados à cavidade fetal e amniótica, e possíveis problemas de parto'),
  (1224, 14, 'O41', 'Outros motivos de assistência à mãe relacionados à cavidade fetal e amniótica, e possíveis problemas de parto'),
  (1225, 14, 'O42', 'Outros motivos de assistência à mãe relacionados à cavidade fetal e amniótica, e possíveis problemas de parto'),
  (1226, 14, 'O43', 'Outros motivos de assistência à mãe relacionados à cavidade fetal e amniótica, e possíveis problemas de parto'),
  (1227, 14, 'O47', 'Outros motivos de assistência à mãe relacionados à cavidade fetal e amniótica, e possíveis problemas de parto'),
  (1228, 14, 'O48', 'Outros motivos de assistência à mãe relacionados à cavidade fetal e amniótica, e possíveis problemas de parto'),
  (1229, 14, 'O64', 'Trabalho de parto obstruído'),
  (1230, 14, 'O65', 'Trabalho de parto obstruído'),
  (1231, 14, 'O66', 'Trabalho de parto obstruído'),
  (1232, 14, 'O72', 'Hemorragia pós-parto'),
  (1233, 14, 'O20', 'Outras complicações da gravidez e do parto'),
  (1234, 14, 'O21', 'Outras complicações da gravidez e do parto'),
  (1235, 14, 'O22', 'Outras complicações da gravidez e do parto'),
  (1236, 14, 'O23', 'Outras complicações da gravidez e do parto'),
  (1237, 14, 'O24', 'Outras complicações da gravidez e do parto'),
  (1238, 14, 'O25', 'Outras complicações da gravidez e do parto'),
  (1239, 14, 'O26', 'Outras complicações da gravidez e do parto'),
  (1240, 14, 'O27', 'Outras complicações da gravidez e do parto'),
  (1241, 14, 'O28', 'Outras complicações da gravidez e do parto'),
  (1242, 14, 'O29', 'Outras complicações da gravidez e do parto'),
  (1243, 14, 'O60', 'Outras complicações da gravidez e do parto'),
  (1244, 14, 'O61', 'Outras complicações da gravidez e do parto'),
  (1245, 14, 'O62', 'Outras complicações da gravidez e do parto'),
  (1246, 14, 'O63', 'Outras complicações da gravidez e do parto'),
  (1247, 14, 'O67', 'Outras complicações da gravidez e do parto'),
  (1248, 14, 'O68', 'Outras complicações da gravidez e do parto'),
  (1249, 14, 'O69', 'Outras complicações da gravidez e do parto'),
  (1250, 14, 'O70', 'Outras complicações da gravidez e do parto'),
  (1251, 14, 'O71', 'Outras complicações da gravidez e do parto'),
  (1252, 14, 'O73', 'Outras complicações da gravidez e do parto'),
  (1253, 14, 'O74', 'Outras complicações da gravidez e do parto'),
  (1254, 14, 'O75', 'Outras complicações da gravidez e do parto'),
  (1255, 14, 'O81', 'Outras complicações da gravidez e do parto'),
  (1256, 14, 'O82', 'Outras complicações da gravidez e do parto'),
  (1257, 14, 'O83', 'Outras complicações da gravidez e do parto'),
  (1258, 14, 'O84', 'Outras complicações da gravidez e do parto'),
  (1259, 14, 'O80', 'Parto único espontâneo'),
  (1260, 14, 'O85', 'Complicações predominantemente relacionadas ao puerpério e outras afecções obstétricas, não classificadas em outra parte'),
  (1261, 14, 'O86', 'Complicações predominantemente relacionadas ao puerpério e outras afecções obstétricas, não classificadas em outra parte'),
  (1262, 14, 'O87', 'Complicações predominantemente relacionadas ao puerpério e outras afecções obstétricas, não classificadas em outra parte'),
  (1263, 14, 'O88', 'Complicações predominantemente relacionadas ao puerpério e outras afecções obstétricas, não classificadas em outra parte'),
  (1264, 14, 'O89', 'Complicações predominantemente relacionadas ao puerpério e outras afecções obstétricas, não classificadas em outra parte'),
  (1265, 14, 'O90', 'Complicações predominantemente relacionadas ao puerpério e outras afecções obstétricas, não classificadas em outra parte'),
  (1266, 14, 'O91', 'Complicações predominantemente relacionadas ao puerpério e outras afecções obstétricas, não classificadas em outra parte'),
  (1267, 14, 'O92', 'Complicações predominantemente relacionadas ao puerpério e outras afecções obstétricas, não classificadas em outra parte'),
  (1268, 14, 'O93', 'Complicações predominantemente relacionadas ao puerpério e outras afecções obstétricas, não classificadas em outra parte'),
  (1269, 14, 'O94', 'Complicações predominantemente relacionadas ao puerpério e outras afecções obstétricas, não classificadas em outra parte'),
  (1270, 14, 'O95', 'Complicações predominantemente relacionadas ao puerpério e outras afecções obstétricas, não classificadas em outra parte'),
  (1271, 14, 'O96', 'Complicações predominantemente relacionadas ao puerpério e outras afecções obstétricas, não classificadas em outra parte'),
  (1272, 14, 'O97', 'Complicações predominantemente relacionadas ao puerpério e outras afecções obstétricas, não classificadas em outra parte'),
  (1273, 14, 'O98', 'Complicações predominantemente relacionadas ao puerpério e outras afecções obstétricas, não classificadas em outra parte'),
  (1274, 14, 'O99', 'Complicações predominantemente relacionadas ao puerpério e outras afecções obstétricas, não classificadas em outra parte'),
  (1275, 15, 'P00', 'Feto e recém-nascido afetados por fatores maternos e por complicações da gravidez, trabalho de parto e parto'),
  (1276, 15, 'P01', 'Feto e recém-nascido afetados por fatores maternos e por complicações da gravidez, trabalho de parto e parto'),
  (1277, 15, 'P02', 'Feto e recém-nascido afetados por fatores maternos e por complicações da gravidez, trabalho de parto e parto'),
  (1278, 15, 'P03', 'Feto e recém-nascido afetados por fatores maternos e por complicações da gravidez, trabalho de parto e parto'),
  (1279, 15, 'P04', 'Feto e recém-nascido afetados por fatores maternos e por complicações da gravidez, trabalho de parto e parto'),
  (1280, 15, 'P05', 'Retardo de crescimento fetal, desnutrição fetal e transtornos relacionados à gestação curta e baixo peso ao nascer'),
  (1281, 15, 'P06', 'Retardo de crescimento fetal, desnutrição fetal e transtornos relacionados à gestação curta e baixo peso ao nascer'),
  (1282, 15, 'P07', 'Retardo de crescimento fetal, desnutrição fetal e transtornos relacionados à gestação curta e baixo peso ao nascer'),
  (1283, 15, 'P10', 'Trauma durante o nascimento'),
  (1284, 15, 'P11', 'Trauma durante o nascimento'),
  (1285, 15, 'P12', 'Trauma durante o nascimento'),
  (1286, 15, 'P13', 'Trauma durante o nascimento'),
  (1287, 15, 'P14', 'Trauma durante o nascimento'),
  (1288, 15, 'P15', 'Trauma durante o nascimento'),
  (1289, 15, 'P20', 'Hipóxia intrauterina e asfixia ao nascer'),
  (1290, 15, 'P21', 'Hipóxia intrauterina e asfixia ao nascer'),
  (1291, 15, 'P22', 'Outros transtornos respiratórios originados no período perinatal'),
  (1292, 15, 'P23', 'Outros transtornos respiratórios originados no período perinatal'),
  (1293, 15, 'P24', 'Outros transtornos respiratórios originados no período perinatal'),
  (1294, 15, 'P25', 'Outros transtornos respiratórios originados no período perinatal'),
  (1295, 15, 'P26', 'Outros transtornos respiratórios originados no período perinatal'),
  (1296, 15, 'P27', 'Outros transtornos respiratórios originados no período perinatal'),
  (1297, 15, 'P28', 'Outros transtornos respiratórios originados no período perinatal'),
  (1298, 15, 'P35', 'Doenças infecciosas e parasitárias congênitas'),
  (1299, 15, 'P36', 'Doenças infecciosas e parasitárias congênitas'),
  (1300, 15, 'P37', 'Doenças infecciosas e parasitárias congênitas'),
  (1301, 15, 'P38', 'Outras infecções específicas do período perinatal'),
  (1302, 15, 'P39', 'Outras infecções específicas do período perinatal'),
  (1303, 15, 'P55', 'Doença hemolítica do feto e do recém-nascido'),
  (1304, 15, 'P08', 'Outras afecções originadas no período perinatal'),
  (1305, 15, 'P29', 'Outras afecções originadas no período perinatal'),
  (1306, 15, 'P50', 'Outras afecções originadas no período perinatal'),
  (1307, 15, 'P51', 'Outras afecções originadas no período perinatal'),
  (1308, 15, 'P52', 'Outras afecções originadas no período perinatal'),
  (1309, 15, 'P53', 'Outras afecções originadas no período perinatal'),
  (1310, 15, 'P54', 'Outras afecções originadas no período perinatal'),
  (1311, 15, 'P56', 'Outras afecções originadas no período perinatal'),
  (1312, 15, 'P57', 'Outras afecções originadas no período perinatal'),
  (1313, 15, 'P58', 'Outras afecções originadas no período perinatal'),
  (1314, 15, 'P59', 'Outras afecções originadas no período perinatal'),
  (1315, 15, 'P60', 'Outras afecções originadas no período perinatal'),
  (1316, 15, 'P61', 'Outras afecções originadas no período perinatal'),
  (1317, 15, 'P62', 'Outras afecções originadas no período perinatal'),
  (1318, 15, 'P63', 'Outras afecções originadas no período perinatal'),
  (1319, 15, 'P64', 'Outras afecções originadas no período perinatal'),
  (1320, 15, 'P65', 'Outras afecções originadas no período perinatal'),
  (1321, 15, 'P66', 'Outras afecções originadas no período perinatal'),
  (1322, 15, 'P67', 'Outras afecções originadas no período perinatal'),
  (1323, 15, 'P68', 'Outras afecções originadas no período perinatal'),
  (1324, 15, 'P69', 'Outras afecções originadas no período perinatal'),
  (1325, 15, 'P70', 'Outras afecções originadas no período perinatal'),
  (1326, 15, 'P71', 'Outras afecções originadas no período perinatal'),
  (1327, 15, 'P72', 'Outras afecções originadas no período perinatal'),
  (1328, 15, 'P73', 'Outras afecções originadas no período perinatal'),
  (1329, 15, 'P74', 'Outras afecções originadas no período perinatal'),
  (1330, 15, 'P75', 'Outras afecções originadas no período perinatal'),
  (1331, 15, 'P76', 'Outras afecções originadas no período perinatal'),
  (1332, 15, 'P77', 'Outras afecções originadas no período perinatal'),
  (1333, 15, 'P78', 'Outras afecções originadas no período perinatal'),
  (1334, 15, 'P79', 'Outras afecções originadas no período perinatal'),
  (1335, 15, 'P80', 'Outras afecções originadas no período perinatal'),
  (1336, 15, 'P81', 'Outras afecções originadas no período perinatal'),
  (1337, 15, 'P82', 'Outras afecções originadas no período perinatal'),
  (1338, 15, 'P83', 'Outras afecções originadas no período perinatal'),
  (1339, 15, 'P84', 'Outras afecções originadas no período perinatal'),
  (1340, 15, 'P85', 'Outras afecções originadas no período perinatal'),
  (1341, 15, 'P86', 'Outras afecções originadas no período perinatal'),
  (1342, 15, 'P87', 'Outras afecções originadas no período perinatal'),
  (1343, 15, 'P88', 'Outras afecções originadas no período perinatal'),
  (1344, 15, 'P89', 'Outras afecções originadas no período perinatal'),
  (1345, 15, 'P90', 'Outras afecções originadas no período perinatal'),
  (1346, 15, 'P91', 'Outras afecções originadas no período perinatal'),
  (1347, 15, 'P92', 'Outras afecções originadas no período perinatal'),
  (1348, 15, 'P93', 'Outras afecções originadas no período perinatal'),
  (1349, 15, 'P94', 'Outras afecções originadas no período perinatal'),
  (1350, 15, 'P95', 'Outras afecções originadas no período perinatal'),
  (1351, 15, 'P96', 'Outras afecções originadas no período perinatal'),
  (1352, 16, 'Q05', 'Espinha bífida'),
  (1353, 16, 'Q00', 'Outras malformações congênitas do sistema nervoso'),
  (1354, 16, 'Q01', 'Outras malformações congênitas do sistema nervoso'),
  (1355, 16, 'Q02', 'Outras malformações congênitas do sistema nervoso'),
  (1356, 16, 'Q03', 'Outras malformações congênitas do sistema nervoso'),
  (1357, 16, 'Q04', 'Outras malformações congênitas do sistema nervoso'),
  (1358, 16, 'Q06', 'Outras malformações congênitas do sistema nervoso'),
  (1359, 16, 'Q07', 'Outras malformações congênitas do sistema nervoso'),
  (1360, 16, 'Q20', 'Malformações congênitas do aparelho circulatório'),
  (1361, 16, 'Q21', 'Malformações congênitas do aparelho circulatório'),
  (1362, 16, 'Q22', 'Malformações congênitas do aparelho circulatório'),
  (1363, 16, 'Q23', 'Malformações congênitas do aparelho circulatório'),
  (1364, 16, 'Q24', 'Malformações congênitas do aparelho circulatório'),
  (1365, 16, 'Q25', 'Malformações congênitas do aparelho circulatório'),
  (1366, 16, 'Q26', 'Malformações congênitas do aparelho circulatório'),
  (1367, 16, 'Q27', 'Malformações congênitas do aparelho circulatório'),
  (1368, 16, 'Q28', 'Malformações congênitas do aparelho circulatório'),
  (1369, 16, 'Q35', 'Fenda labial e fenda palatina'),
  (1370, 16, 'Q36', 'Fenda labial e fenda palatina'),
  (1371, 16, 'Q37', 'Fenda labial e fenda palatina'),
  (1372, 16, 'Q41', 'Ausência, atresia e estenose do intestino delgado'),
  (1373, 16, 'Q38', 'Outras malformações congênitas do aparelho digestivo'),
  (1374, 16, 'Q39', 'Outras malformações congênitas do aparelho digestivo'),
  (1375, 16, 'Q40', 'Outras malformações congênitas do aparelho digestivo'),
  (1376, 16, 'Q42', 'Outras malformações congênitas do aparelho digestivo'),
  (1377, 16, 'Q43', 'Outras malformações congênitas do aparelho digestivo'),
  (1378, 16, 'Q44', 'Outras malformações congênitas do aparelho digestivo'),
  (1379, 16, 'Q45', 'Outras malformações congênitas do aparelho digestivo'),
  (1380, 16, 'Q53', 'Testiculo não-descido'),
  (1381, 16, 'Q50', 'Outras malformações do aparelho geniturinário'),
  (1382, 16, 'Q51', 'Outras malformações do aparelho geniturinário'),
  (1383, 16, 'Q52', 'Outras malformações do aparelho geniturinário'),
  (1384, 16, 'Q54', 'Outras malformações do aparelho geniturinário'),
  (1385, 16, 'Q55', 'Outras malformações do aparelho geniturinário'),
  (1386, 16, 'Q56', 'Outras malformações do aparelho geniturinário'),
  (1387, 16, 'Q57', 'Outras malformações do aparelho geniturinário'),
  (1388, 16, 'Q58', 'Outras malformações do aparelho geniturinário'),
  (1389, 16, 'Q59', 'Outras malformações do aparelho geniturinário'),
  (1390, 16, 'Q60', 'Outras malformações do aparelho geniturinário'),
  (1391, 16, 'Q61', 'Outras malformações do aparelho geniturinário'),
  (1392, 16, 'Q62', 'Outras malformações do aparelho geniturinário'),
  (1393, 16, 'Q63', 'Outras malformações do aparelho geniturinário'),
  (1394, 16, 'Q64', 'Outras malformações do aparelho geniturinário'),
  (1395, 16, 'Q65', 'Deformidades congênitas do quadril'),
  (1396, 16, 'Q66', 'Deformidades congênitas dos pés'),
  (1397, 16, 'Q67', 'Outras malformações e deformidades congênitas do aparelho osteomuscular'),
  (1398, 16, 'Q68', 'Outras malformações e deformidades congênitas do aparelho osteomuscular'),
  (1399, 16, 'Q69', 'Outras malformações e deformidades congênitas do aparelho osteomuscular'),
  (1400, 16, 'Q70', 'Outras malformações e deformidades congênitas do aparelho osteomuscular'),
  (1401, 16, 'Q71', 'Outras malformações e deformidades congênitas do aparelho osteomuscular'),
  (1402, 16, 'Q72', 'Outras malformações e deformidades congênitas do aparelho osteomuscular'),
  (1403, 16, 'Q73', 'Outras malformações e deformidades congênitas do aparelho osteomuscular'),
  (1404, 16, 'Q74', 'Outras malformações e deformidades congênitas do aparelho osteomuscular'),
  (1405, 16, 'Q75', 'Outras malformações e deformidades congênitas do aparelho osteomuscular'),
  (1406, 16, 'Q76', 'Outras malformações e deformidades congênitas do aparelho osteomuscular'),
  (1407, 16, 'Q77', 'Outras malformações e deformidades congênitas do aparelho osteomuscular'),
  (1408, 16, 'Q78', 'Outras malformações e deformidades congênitas do aparelho osteomuscular'),
  (1409, 16, 'Q79', 'Outras malformações e deformidades congênitas do aparelho osteomuscular'),
  (1410, 16, 'Q10', 'Outras malformações congênitas'),
  (1411, 16, 'Q11', 'Outras malformações congênitas'),
  (1412, 16, 'Q12', 'Outras malformações congênitas'),
  (1413, 16, 'Q13', 'Outras malformações congênitas'),
  (1414, 16, 'Q14', 'Outras malformações congênitas'),
  (1415, 16, 'Q15', 'Outras malformações congênitas'),
  (1416, 16, 'Q16', 'Outras malformações congênitas'),
  (1417, 16, 'Q17', 'Outras malformações congênitas'),
  (1418, 16, 'Q18', 'Outras malformações congênitas'),
  (1419, 16, 'Q30', 'Outras malformações congênitas'),
  (1420, 16, 'Q31', 'Outras malformações congênitas'),
  (1421, 16, 'Q32', 'Outras malformações congênitas'),
  (1422, 16, 'Q33', 'Outras malformações congênitas'),
  (1423, 16, 'Q34', 'Outras malformações congênitas'),
  (1424, 16, 'Q80', 'Outras malformações congênitas'),
  (1425, 16, 'Q81', 'Outras malformações congênitas'),
  (1426, 16, 'Q82', 'Outras malformações congênitas'),
  (1427, 16, 'Q83', 'Outras malformações congênitas'),
  (1428, 16, 'Q84', 'Outras malformações congênitas'),
  (1429, 16, 'Q85', 'Outras malformações congênitas'),
  (1430, 16, 'Q86', 'Outras malformações congênitas'),
  (1431, 16, 'Q87', 'Outras malformações congênitas'),
  (1432, 16, 'Q88', 'Outras malformações congênitas'),
  (1433, 16, 'Q89', 'Outras malformações congênitas'),
  (1434, 16, 'Q90', 'Anomalias cromossômicas, não classificadas em outra parte'),
  (1435, 16, 'Q91', 'Anomalias cromossômicas, não classificadas em outra parte'),
  (1436, 16, 'Q92', 'Anomalias cromossômicas, não classificadas em outra parte'),
  (1437, 16, 'Q93', 'Anomalias cromossômicas, não classificadas em outra parte'),
  (1438, 16, 'Q94', 'Anomalias cromossômicas, não classificadas em outra parte'),
  (1439, 16, 'Q95', 'Anomalias cromossômicas, não classificadas em outra parte'),
  (1440, 16, 'Q96', 'Anomalias cromossômicas, não classificadas em outra parte'),
  (1441, 16, 'Q97', 'Anomalias cromossômicas, não classificadas em outra parte'),
  (1442, 16, 'Q98', 'Anomalias cromossômicas, não classificadas em outra parte'),
  (1443, 16, 'Q99', 'Anomalias cromossômicas, não classificadas em outra parte'),
  (1444, 17, 'R10', 'Dor abdominal e pélvica'),
  (1445, 17, 'R50', 'Febre de origem desconhecida'),
  (1446, 17, 'R54', 'Senilidade'),
  (1447, 17, 'R00', 'Outros sintomas, sinais e achados anormais de exames clínicos e de laboratório, não classificados em outra parte'),
  (1448, 17, 'R01', 'Outros sintomas, sinais e achados anormais de exames clínicos e de laboratório, não classificados em outra parte'),
  (1449, 17, 'R02', 'Outros sintomas, sinais e achados anormais de exames clínicos e de laboratório, não classificados em outra parte'),
  (1450, 17, 'R03', 'Outros sintomas, sinais e achados anormais de exames clínicos e de laboratório, não classificados em outra parte'),
  (1451, 17, 'R04', 'Outros sintomas, sinais e achados anormais de exames clínicos e de laboratório, não classificados em outra parte'),
  (1452, 17, 'R05', 'Outros sintomas, sinais e achados anormais de exames clínicos e de laboratório, não classificados em outra parte'),
  (1453, 17, 'R06', 'Outros sintomas, sinais e achados anormais de exames clínicos e de laboratório, não classificados em outra parte'),
  (1454, 17, 'R07', 'Outros sintomas, sinais e achados anormais de exames clínicos e de laboratório, não classificados em outra parte'),
  (1455, 17, 'R08', 'Outros sintomas, sinais e achados anormais de exames clínicos e de laboratório, não classificados em outra parte'),
  (1456, 17, 'R09', 'Outros sintomas, sinais e achados anormais de exames clínicos e de laboratório, não classificados em outra parte'),
  (1457, 17, 'R11', 'Outros sintomas, sinais e achados anormais de exames clínicos e de laboratório, não classificados em outra parte'),
  (1458, 17, 'R12', 'Outros sintomas, sinais e achados anormais de exames clínicos e de laboratório, não classificados em outra parte'),
  (1459, 17, 'R13', 'Outros sintomas, sinais e achados anormais de exames clínicos e de laboratório, não classificados em outra parte'),
  (1460, 17, 'R14', 'Outros sintomas, sinais e achados anormais de exames clínicos e de laboratório, não classificados em outra parte'),
  (1461, 17, 'R15', 'Outros sintomas, sinais e achados anormais de exames clínicos e de laboratório, não classificados em outra parte'),
  (1462, 17, 'R16', 'Outros sintomas, sinais e achados anormais de exames clínicos e de laboratório, não classificados em outra parte'),
  (1463, 17, 'R17', 'Outros sintomas, sinais e achados anormais de exames clínicos e de laboratório, não classificados em outra parte'),
  (1464, 17, 'R18', 'Outros sintomas, sinais e achados anormais de exames clínicos e de laboratório, não classificados em outra parte'),
  (1465, 17, 'R19', 'Outros sintomas, sinais e achados anormais de exames clínicos e de laboratório, não classificados em outra parte'),
  (1466, 17, 'R20', 'Outros sintomas, sinais e achados anormais de exames clínicos e de laboratório, não classificados em outra parte'),
  (1467, 17, 'R21', 'Outros sintomas, sinais e achados anormais de exames clínicos e de laboratório, não classificados em outra parte'),
  (1468, 17, 'R22', 'Outros sintomas, sinais e achados anormais de exames clínicos e de laboratório, não classificados em outra parte'),
  (1469, 17, 'R23', 'Outros sintomas, sinais e achados anormais de exames clínicos e de laboratório, não classificados em outra parte'),
  (1470, 17, 'R24', 'Outros sintomas, sinais e achados anormais de exames clínicos e de laboratório, não classificados em outra parte'),
  (1471, 17, 'R25', 'Outros sintomas, sinais e achados anormais de exames clínicos e de laboratório, não classificados em outra parte'),
  (1472, 17, 'R26', 'Outros sintomas, sinais e achados anormais de exames clínicos e de laboratório, não classificados em outra parte'),
  (1473, 17, 'R27', 'Outros sintomas, sinais e achados anormais de exames clínicos e de laboratório, não classificados em outra parte'),
  (1474, 17, 'R28', 'Outros sintomas, sinais e achados anormais de exames clínicos e de laboratório, não classificados em outra parte'),
  (1475, 17, 'R29', 'Outros sintomas, sinais e achados anormais de exames clínicos e de laboratório, não classificados em outra parte'),
  (1476, 17, 'R30', 'Outros sintomas, sinais e achados anormais de exames clínicos e de laboratório, não classificados em outra parte'),
  (1477, 17, 'R31', 'Outros sintomas, sinais e achados anormais de exames clínicos e de laboratório, não classificados em outra parte'),
  (1478, 17, 'R32', 'Outros sintomas, sinais e achados anormais de exames clínicos e de laboratório, não classificados em outra parte'),
  (1479, 17, 'R33', 'Outros sintomas, sinais e achados anormais de exames clínicos e de laboratório, não classificados em outra parte'),
  (1480, 17, 'R34', 'Outros sintomas, sinais e achados anormais de exames clínicos e de laboratório, não classificados em outra parte'),
  (1481, 17, 'R35', 'Outros sintomas, sinais e achados anormais de exames clínicos e de laboratório, não classificados em outra parte'),
  (1482, 17, 'R36', 'Outros sintomas, sinais e achados anormais de exames clínicos e de laboratório, não classificados em outra parte'),
  (1483, 17, 'R37', 'Outros sintomas, sinais e achados anormais de exames clínicos e de laboratório, não classificados em outra parte'),
  (1484, 17, 'R38', 'Outros sintomas, sinais e achados anormais de exames clínicos e de laboratório, não classificados em outra parte'),
  (1485, 17, 'R39', 'Outros sintomas, sinais e achados anormais de exames clínicos e de laboratório, não classificados em outra parte'),
  (1486, 17, 'R40', 'Outros sintomas, sinais e achados anormais de exames clínicos e de laboratório, não classificados em outra parte'),
  (1487, 17, 'R41', 'Outros sintomas, sinais e achados anormais de exames clínicos e de laboratório, não classificados em outra parte'),
  (1488, 17, 'R42', 'Outros sintomas, sinais e achados anormais de exames clínicos e de laboratório, não classificados em outra parte'),
  (1489, 17, 'R43', 'Outros sintomas, sinais e achados anormais de exames clínicos e de laboratório, não classificados em outra parte'),
  (1490, 17, 'R44', 'Outros sintomas, sinais e achados anormais de exames clínicos e de laboratório, não classificados em outra parte'),
  (1491, 17, 'R45', 'Outros sintomas, sinais e achados anormais de exames clínicos e de laboratório, não classificados em outra parte'),
  (1492, 17, 'R46', 'Outros sintomas, sinais e achados anormais de exames clínicos e de laboratório, não classificados em outra parte'),
  (1493, 17, 'R47', 'Outros sintomas, sinais e achados anormais de exames clínicos e de laboratório, não classificados em outra parte'),
  (1494, 17, 'R48', 'Outros sintomas, sinais e achados anormais de exames clínicos e de laboratório, não classificados em outra parte'),
  (1495, 17, 'R49', 'Outros sintomas, sinais e achados anormais de exames clínicos e de laboratório, não classificados em outra parte'),
  (1496, 17, 'R51', 'Outros sintomas, sinais e achados anormais de exames clínicos e de laboratório, não classificados em outra parte'),
  (1497, 17, 'R52', 'Outros sintomas, sinais e achados anormais de exames clínicos e de laboratório, não classificados em outra parte'),
  (1498, 17, 'R53', 'Outros sintomas, sinais e achados anormais de exames clínicos e de laboratório, não classificados em outra parte'),
  (1499, 17, 'R55', 'Outros sintomas, sinais e achados anormais de exames clínicos e de laboratório, não classificados em outra parte'),
  (1500, 17, 'R56', 'Outros sintomas, sinais e achados anormais de exames clínicos e de laboratório, não classificados em outra parte'),
  (1501, 17, 'R57', 'Outros sintomas, sinais e achados anormais de exames clínicos e de laboratório, não classificados em outra parte'),
  (1502, 17, 'R58', 'Outros sintomas, sinais e achados anormais de exames clínicos e de laboratório, não classificados em outra parte'),
  (1503, 17, 'R59', 'Outros sintomas, sinais e achados anormais de exames clínicos e de laboratório, não classificados em outra parte'),
  (1504, 17, 'R60', 'Outros sintomas, sinais e achados anormais de exames clínicos e de laboratório, não classificados em outra parte'),
  (1505, 17, 'R61', 'Outros sintomas, sinais e achados anormais de exames clínicos e de laboratório, não classificados em outra parte'),
  (1506, 17, 'R62', 'Outros sintomas, sinais e achados anormais de exames clínicos e de laboratório, não classificados em outra parte'),
  (1507, 17, 'R63', 'Outros sintomas, sinais e achados anormais de exames clínicos e de laboratório, não classificados em outra parte'),
  (1508, 17, 'R64', 'Outros sintomas, sinais e achados anormais de exames clínicos e de laboratório, não classificados em outra parte'),
  (1509, 17, 'R65', 'Outros sintomas, sinais e achados anormais de exames clínicos e de laboratório, não classificados em outra parte'),
  (1510, 17, 'R66', 'Outros sintomas, sinais e achados anormais de exames clínicos e de laboratório, não classificados em outra parte'),
  (1511, 17, 'R67', 'Outros sintomas, sinais e achados anormais de exames clínicos e de laboratório, não classificados em outra parte'),
  (1512, 17, 'R68', 'Outros sintomas, sinais e achados anormais de exames clínicos e de laboratório, não classificados em outra parte'),
  (1513, 17, 'R69', 'Outros sintomas, sinais e achados anormais de exames clínicos e de laboratório, não classificados em outra parte'),
  (1514, 17, 'R70', 'Outros sintomas, sinais e achados anormais de exames clínicos e de laboratório, não classificados em outra parte'),
  (1515, 17, 'R71', 'Outros sintomas, sinais e achados anormais de exames clínicos e de laboratório, não classificados em outra parte'),
  (1516, 17, 'R72', 'Outros sintomas, sinais e achados anormais de exames clínicos e de laboratório, não classificados em outra parte'),
  (1517, 17, 'R73', 'Outros sintomas, sinais e achados anormais de exames clínicos e de laboratório, não classificados em outra parte'),
  (1518, 17, 'R74', 'Outros sintomas, sinais e achados anormais de exames clínicos e de laboratório, não classificados em outra parte'),
  (1519, 17, 'R75', 'Outros sintomas, sinais e achados anormais de exames clínicos e de laboratório, não classificados em outra parte'),
  (1520, 17, 'R76', 'Outros sintomas, sinais e achados anormais de exames clínicos e de laboratório, não classificados em outra parte'),
  (1521, 17, 'R77', 'Outros sintomas, sinais e achados anormais de exames clínicos e de laboratório, não classificados em outra parte'),
  (1522, 17, 'R78', 'Outros sintomas, sinais e achados anormais de exames clínicos e de laboratório, não classificados em outra parte'),
  (1523, 17, 'R79', 'Outros sintomas, sinais e achados anormais de exames clínicos e de laboratório, não classificados em outra parte'),
  (1524, 17, 'R80', 'Outros sintomas, sinais e achados anormais de exames clínicos e de laboratório, não classificados em outra parte'),
  (1525, 17, 'R81', 'Outros sintomas, sinais e achados anormais de exames clínicos e de laboratório, não classificados em outra parte'),
  (1526, 17, 'R82', 'Outros sintomas, sinais e achados anormais de exames clínicos e de laboratório, não classificados em outra parte'),
  (1527, 17, 'R83', 'Outros sintomas, sinais e achados anormais de exames clínicos e de laboratório, não classificados em outra parte'),
  (1528, 17, 'R84', 'Outros sintomas, sinais e achados anormais de exames clínicos e de laboratório, não classificados em outra parte'),
  (1529, 17, 'R85', 'Outros sintomas, sinais e achados anormais de exames clínicos e de laboratório, não classificados em outra parte'),
  (1530, 17, 'R86', 'Outros sintomas, sinais e achados anormais de exames clínicos e de laboratório, não classificados em outra parte'),
  (1531, 17, 'R87', 'Outros sintomas, sinais e achados anormais de exames clínicos e de laboratório, não classificados em outra parte'),
  (1532, 17, 'R88', 'Outros sintomas, sinais e achados anormais de exames clínicos e de laboratório, não classificados em outra parte'),
  (1533, 17, 'R89', 'Outros sintomas, sinais e achados anormais de exames clínicos e de laboratório, não classificados em outra parte'),
  (1534, 17, 'R90', 'Outros sintomas, sinais e achados anormais de exames clínicos e de laboratório, não classificados em outra parte'),
  (1535, 17, 'R91', 'Outros sintomas, sinais e achados anormais de exames clínicos e de laboratório, não classificados em outra parte'),
  (1536, 17, 'R92', 'Outros sintomas, sinais e achados anormais de exames clínicos e de laboratório, não classificados em outra parte'),
  (1537, 17, 'R93', 'Outros sintomas, sinais e achados anormais de exames clínicos e de laboratório, não classificados em outra parte'),
  (1538, 17, 'R94', 'Outros sintomas, sinais e achados anormais de exames clínicos e de laboratório, não classificados em outra parte'),
  (1539, 17, 'R95', 'Outros sintomas, sinais e achados anormais de exames clínicos e de laboratório, não classificados em outra parte'),
  (1540, 17, 'R96', 'Outros sintomas, sinais e achados anormais de exames clínicos e de laboratório, não classificados em outra parte'),
  (1541, 17, 'R97', 'Outros sintomas, sinais e achados anormais de exames clínicos e de laboratório, não classificados em outra parte'),
  (1542, 17, 'R98', 'Outros sintomas, sinais e achados anormais de exames clínicos e de laboratório, não classificados em outra parte'),
  (1543, 17, 'R99', 'Outros sintomas, sinais e achados anormais de exames clínicos e de laboratório, não classificados em outra parte'),
  (1544, 18, 'S02', 'Fratura do crânio e dos ossos da face'),
  (1545, 18, 'S12', 'Fratura do pescoço, tórax ou pelve'),
  (1546, 18, 'S22', 'Fratura do pescoço, tórax ou pelve'),
  (1547, 18, 'S32', 'Fratura do pescoço, tórax ou pelve'),
  (1548, 18, 'T08', 'Fratura do pescoço, tórax ou pelve'),
  (1549, 18, 'S72', 'Fratura do fêmur'),
  (1550, 18, 'S42', 'Fratura de outros ossos dos membros'),
  (1551, 18, 'S52', 'Fratura de outros ossos dos membros'),
  (1552, 18, 'S62', 'Fratura de outros ossos dos membros'),
  (1553, 18, 'S82', 'Fratura de outros ossos dos membros'),
  (1554, 18, 'S92', 'Fratura de outros ossos dos membros'),
  (1555, 18, 'T10', 'Fratura de outros ossos dos membros'),
  (1556, 18, 'T12', 'Fratura de outros ossos dos membros'),
  (1557, 18, 'T02', 'Fraturas envolvendo múltiplas regiões do corpo'),
  (1558, 18, 'S03', 'Luxações, entorse e distensão de regiões especificadas e de regiões múltiplas do corpo'),
  (1559, 18, 'S13', 'Luxações, entorse e distensão de regiões especificadas e de regiões múltiplas do corpo'),
  (1560, 18, 'S23', 'Luxações, entorse e distensão de regiões especificadas e de regiões múltiplas do corpo'),
  (1561, 18, 'S33', 'Luxações, entorse e distensão de regiões especificadas e de regiões múltiplas do corpo'),
  (1562, 18, 'S43', 'Luxações, entorse e distensão de regiões especificadas e de regiões múltiplas do corpo'),
  (1563, 18, 'S53', 'Luxações, entorse e distensão de regiões especificadas e de regiões múltiplas do corpo'),
  (1564, 18, 'S63', 'Luxações, entorse e distensão de regiões especificadas e de regiões múltiplas do corpo'),
  (1565, 18, 'S73', 'Luxações, entorse e distensão de regiões especificadas e de regiões múltiplas do corpo'),
  (1566, 18, 'S83', 'Luxações, entorse e distensão de regiões especificadas e de regiões múltiplas do corpo'),
  (1567, 18, 'S93', 'Luxações, entorse e distensão de regiões especificadas e de regiões múltiplas do corpo'),
  (1568, 18, 'T03', 'Luxações, entorse e distensão de regiões especificadas e de regiões múltiplas do corpo'),
  (1569, 18, 'S05', 'Traumatismo do olho e da órbita ocular'),
  (1570, 18, 'S06', 'Traumatismo intracraniano'),
  (1571, 18, 'S26', 'Traumatismo de outros órgãos internos'),
  (1572, 18, 'S27', 'Traumatismo de outros órgãos internos'),
  (1573, 18, 'S36', 'Traumatismo de outros órgãos internos'),
  (1574, 18, 'S37', 'Traumatismo de outros órgãos internos'),
  (1575, 18, 'S07', 'Lesões por esmagamento e amputações traumáticas de regiões especificadas e de múltiplas regiões do corpo'),
  (1576, 18, 'S08', 'Lesões por esmagamento e amputações traumáticas de regiões especificadas e de múltiplas regiões do corpo'),
  (1577, 18, 'S17', 'Lesões por esmagamento e amputações traumáticas de regiões especificadas e de múltiplas regiões do corpo'),
  (1578, 18, 'S18', 'Lesões por esmagamento e amputações traumáticas de regiões especificadas e de múltiplas regiões do corpo'),
  (1579, 18, 'S28', 'Lesões por esmagamento e amputações traumáticas de regiões especificadas e de múltiplas regiões do corpo'),
  (1580, 18, 'S38', 'Lesões por esmagamento e amputações traumáticas de regiões especificadas e de múltiplas regiões do corpo'),
  (1581, 18, 'S47', 'Lesões por esmagamento e amputações traumáticas de regiões especificadas e de múltiplas regiões do corpo'),
  (1582, 18, 'S48', 'Lesões por esmagamento e amputações traumáticas de regiões especificadas e de múltiplas regiões do corpo'),
  (1583, 18, 'S57', 'Lesões por esmagamento e amputações traumáticas de regiões especificadas e de múltiplas regiões do corpo'),
  (1584, 18, 'S58', 'Lesões por esmagamento e amputações traumáticas de regiões especificadas e de múltiplas regiões do corpo'),
  (1585, 18, 'S67', 'Lesões por esmagamento e amputações traumáticas de regiões especificadas e de múltiplas regiões do corpo'),
  (1586, 18, 'S68', 'Lesões por esmagamento e amputações traumáticas de regiões especificadas e de múltiplas regiões do corpo'),
  (1587, 18, 'S77', 'Lesões por esmagamento e amputações traumáticas de regiões especificadas e de múltiplas regiões do corpo'),
  (1588, 18, 'S78', 'Lesões por esmagamento e amputações traumáticas de regiões especificadas e de múltiplas regiões do corpo'),
  (1589, 18, 'S87', 'Lesões por esmagamento e amputações traumáticas de regiões especificadas e de múltiplas regiões do corpo'),
  (1590, 18, 'S88', 'Lesões por esmagamento e amputações traumáticas de regiões especificadas e de múltiplas regiões do corpo'),
  (1591, 18, 'S97', 'Lesões por esmagamento e amputações traumáticas de regiões especificadas e de múltiplas regiões do corpo'),
  (1592, 18, 'S98', 'Lesões por esmagamento e amputações traumáticas de regiões especificadas e de múltiplas regiões do corpo'),
  (1593, 18, 'T04', 'Lesões por esmagamento e amputações traumáticas de regiões especificadas e de múltiplas regiões do corpo'),
  (1594, 18, 'T05', 'Lesões por esmagamento e amputações traumáticas de regiões especificadas e de múltiplas regiões do corpo'),
  (1595, 18, 'S00', 'Outros traumatismos de regiões especificadas e não especificadas e de regiões múltiplas do corpo'),
  (1596, 18, 'S01', 'Outros traumatismos de regiões especificadas e não especificadas e de regiões múltiplas do corpo'),
  (1597, 18, 'S04', 'Outros traumatismos de regiões especificadas e não especificadas e de regiões múltiplas do corpo'),
  (1598, 18, 'S09', 'Outros traumatismos de regiões especificadas e não especificadas e de regiões múltiplas do corpo'),
  (1599, 18, 'S10', 'Outros traumatismos de regiões especificadas e não especificadas e de regiões múltiplas do corpo'),
  (1600, 18, 'S11', 'Outros traumatismos de regiões especificadas e não especificadas e de regiões múltiplas do corpo'),
  (1601, 18, 'S14', 'Outros traumatismos de regiões especificadas e não especificadas e de regiões múltiplas do corpo'),
  (1602, 18, 'S15', 'Outros traumatismos de regiões especificadas e não especificadas e de regiões múltiplas do corpo'),
  (1603, 18, 'S16', 'Outros traumatismos de regiões especificadas e não especificadas e de regiões múltiplas do corpo'),
  (1604, 18, 'S19', 'Outros traumatismos de regiões especificadas e não especificadas e de regiões múltiplas do corpo'),
  (1605, 18, 'S20', 'Outros traumatismos de regiões especificadas e não especificadas e de regiões múltiplas do corpo'),
  (1606, 18, 'S21', 'Outros traumatismos de regiões especificadas e não especificadas e de regiões múltiplas do corpo'),
  (1607, 18, 'S24', 'Outros traumatismos de regiões especificadas e não especificadas e de regiões múltiplas do corpo'),
  (1608, 18, 'S25', 'Outros traumatismos de regiões especificadas e não especificadas e de regiões múltiplas do corpo'),
  (1609, 18, 'S29', 'Outros traumatismos de regiões especificadas e não especificadas e de regiões múltiplas do corpo'),
  (1610, 18, 'S30', 'Outros traumatismos de regiões especificadas e não especificadas e de regiões múltiplas do corpo'),
  (1611, 18, 'S31', 'Outros traumatismos de regiões especificadas e não especificadas e de regiões múltiplas do corpo'),
  (1612, 18, 'S34', 'Outros traumatismos de regiões especificadas e não especificadas e de regiões múltiplas do corpo'),
  (1613, 18, 'S35', 'Outros traumatismos de regiões especificadas e não especificadas e de regiões múltiplas do corpo'),
  (1614, 18, 'S39', 'Outros traumatismos de regiões especificadas e não especificadas e de regiões múltiplas do corpo'),
  (1615, 18, 'S40', 'Outros traumatismos de regiões especificadas e não especificadas e de regiões múltiplas do corpo'),
  (1616, 18, 'S41', 'Outros traumatismos de regiões especificadas e não especificadas e de regiões múltiplas do corpo'),
  (1617, 18, 'S44', 'Outros traumatismos de regiões especificadas e não especificadas e de regiões múltiplas do corpo'),
  (1618, 18, 'S45', 'Outros traumatismos de regiões especificadas e não especificadas e de regiões múltiplas do corpo'),
  (1619, 18, 'S46', 'Outros traumatismos de regiões especificadas e não especificadas e de regiões múltiplas do corpo'),
  (1620, 18, 'S49', 'Outros traumatismos de regiões especificadas e não especificadas e de regiões múltiplas do corpo'),
  (1621, 18, 'S50', 'Outros traumatismos de regiões especificadas e não especificadas e de regiões múltiplas do corpo'),
  (1622, 18, 'S51', 'Outros traumatismos de regiões especificadas e não especificadas e de regiões múltiplas do corpo'),
  (1623, 18, 'S54', 'Outros traumatismos de regiões especificadas e não especificadas e de regiões múltiplas do corpo'),
  (1624, 18, 'S55', 'Outros traumatismos de regiões especificadas e não especificadas e de regiões múltiplas do corpo'),
  (1625, 18, 'S56', 'Outros traumatismos de regiões especificadas e não especificadas e de regiões múltiplas do corpo'),
  (1626, 18, 'S59', 'Outros traumatismos de regiões especificadas e não especificadas e de regiões múltiplas do corpo'),
  (1627, 18, 'S60', 'Outros traumatismos de regiões especificadas e não especificadas e de regiões múltiplas do corpo'),
  (1628, 18, 'S61', 'Outros traumatismos de regiões especificadas e não especificadas e de regiões múltiplas do corpo'),
  (1629, 18, 'S64', 'Outros traumatismos de regiões especificadas e não especificadas e de regiões múltiplas do corpo'),
  (1630, 18, 'S65', 'Outros traumatismos de regiões especificadas e não especificadas e de regiões múltiplas do corpo'),
  (1631, 18, 'S66', 'Outros traumatismos de regiões especificadas e não especificadas e de regiões múltiplas do corpo'),
  (1632, 18, 'S69', 'Outros traumatismos de regiões especificadas e não especificadas e de regiões múltiplas do corpo'),
  (1633, 18, 'S70', 'Outros traumatismos de regiões especificadas e não especificadas e de regiões múltiplas do corpo'),
  (1634, 18, 'S71', 'Outros traumatismos de regiões especificadas e não especificadas e de regiões múltiplas do corpo'),
  (1635, 18, 'S74', 'Outros traumatismos de regiões especificadas e não especificadas e de regiões múltiplas do corpo'),
  (1636, 18, 'S75', 'Outros traumatismos de regiões especificadas e não especificadas e de regiões múltiplas do corpo'),
  (1637, 18, 'S76', 'Outros traumatismos de regiões especificadas e não especificadas e de regiões múltiplas do corpo'),
  (1638, 18, 'S79', 'Outros traumatismos de regiões especificadas e não especificadas e de regiões múltiplas do corpo'),
  (1639, 18, 'S80', 'Outros traumatismos de regiões especificadas e não especificadas e de regiões múltiplas do corpo'),
  (1640, 18, 'S81', 'Outros traumatismos de regiões especificadas e não especificadas e de regiões múltiplas do corpo'),
  (1641, 18, 'S84', 'Outros traumatismos de regiões especificadas e não especificadas e de regiões múltiplas do corpo'),
  (1642, 18, 'S85', 'Outros traumatismos de regiões especificadas e não especificadas e de regiões múltiplas do corpo'),
  (1643, 18, 'S86', 'Outros traumatismos de regiões especificadas e não especificadas e de regiões múltiplas do corpo'),
  (1644, 18, 'S89', 'Outros traumatismos de regiões especificadas e não especificadas e de regiões múltiplas do corpo'),
  (1645, 18, 'S90', 'Outros traumatismos de regiões especificadas e não especificadas e de regiões múltiplas do corpo'),
  (1646, 18, 'S91', 'Outros traumatismos de regiões especificadas e não especificadas e de regiões múltiplas do corpo'),
  (1647, 18, 'S94', 'Outros traumatismos de regiões especificadas e não especificadas e de regiões múltiplas do corpo'),
  (1648, 18, 'S95', 'Outros traumatismos de regiões especificadas e não especificadas e de regiões múltiplas do corpo'),
  (1649, 18, 'S96', 'Outros traumatismos de regiões especificadas e não especificadas e de regiões múltiplas do corpo'),
  (1650, 18, 'S99', 'Outros traumatismos de regiões especificadas e não especificadas e de regiões múltiplas do corpo'),
  (1651, 18, 'T00', 'Outros traumatismos de regiões especificadas e não especificadas e de regiões múltiplas do corpo'),
  (1652, 18, 'T01', 'Outros traumatismos de regiões especificadas e não especificadas e de regiões múltiplas do corpo'),
  (1653, 18, 'T06', 'Outros traumatismos de regiões especificadas e não especificadas e de regiões múltiplas do corpo'),
  (1654, 18, 'T07', 'Outros traumatismos de regiões especificadas e não especificadas e de regiões múltiplas do corpo'),
  (1655, 18, 'T09', 'Outros traumatismos de regiões especificadas e não especificadas e de regiões múltiplas do corpo'),
  (1656, 18, 'T11', 'Outros traumatismos de regiões especificadas e não especificadas e de regiões múltiplas do corpo'),
  (1657, 18, 'T13', 'Outros traumatismos de regiões especificadas e não especificadas e de regiões múltiplas do corpo'),
  (1658, 18, 'T14', 'Outros traumatismos de regiões especificadas e não especificadas e de regiões múltiplas do corpo'),
  (1659, 18, 'T15', 'Efeitos de corpo estranho que entra através de orifício natural'),
  (1660, 18, 'T16', 'Efeitos de corpo estranho que entra através de orifício natural'),
  (1661, 18, 'T17', 'Efeitos de corpo estranho que entra através de orifício natural'),
  (1662, 18, 'T18', 'Efeitos de corpo estranho que entra através de orifício natural'),
  (1663, 18, 'T19', 'Efeitos de corpo estranho que entra através de orifício natural'),
  (1664, 18, 'T20', 'Queimadura e corrosões'),
  (1665, 18, 'T21', 'Queimadura e corrosões'),
  (1666, 18, 'T22', 'Queimadura e corrosões'),
  (1667, 18, 'T23', 'Queimadura e corrosões'),
  (1668, 18, 'T24', 'Queimadura e corrosões'),
  (1669, 18, 'T25', 'Queimadura e corrosões'),
  (1670, 18, 'T26', 'Queimadura e corrosões'),
  (1671, 18, 'T27', 'Queimadura e corrosões'),
  (1672, 18, 'T28', 'Queimadura e corrosões'),
  (1673, 18, 'T29', 'Queimadura e corrosões'),
  (1674, 18, 'T30', 'Queimadura e corrosões'),
  (1675, 18, 'T31', 'Queimadura e corrosões'),
  (1676, 18, 'T32', 'Queimadura e corrosões'),
  (1677, 18, 'T36', 'Envenenamento por drogas e substâncias biológicas'),
  (1678, 18, 'T37', 'Envenenamento por drogas e substâncias biológicas'),
  (1679, 18, 'T38', 'Envenenamento por drogas e substâncias biológicas'),
  (1680, 18, 'T39', 'Envenenamento por drogas e substâncias biológicas'),
  (1681, 18, 'T40', 'Envenenamento por drogas e substâncias biológicas'),
  (1682, 18, 'T41', 'Envenenamento por drogas e substâncias biológicas'),
  (1683, 18, 'T42', 'Envenenamento por drogas e substâncias biológicas'),
  (1684, 18, 'T43', 'Envenenamento por drogas e substâncias biológicas'),
  (1685, 18, 'T44', 'Envenenamento por drogas e substâncias biológicas'),
  (1686, 18, 'T45', 'Envenenamento por drogas e substâncias biológicas'),
  (1687, 18, 'T46', 'Envenenamento por drogas e substâncias biológicas'),
  (1688, 18, 'T47', 'Envenenamento por drogas e substâncias biológicas'),
  (1689, 18, 'T48', 'Envenenamento por drogas e substâncias biológicas'),
  (1690, 18, 'T49', 'Envenenamento por drogas e substâncias biológicas'),
  (1691, 18, 'T50', 'Envenenamento por drogas e substâncias biológicas'),
  (1692, 18, 'T51', 'Efeitos tóxicos de substâncias de origem principalmente não-medicinal'),
  (1693, 18, 'T52', 'Efeitos tóxicos de substâncias de origem principalmente não-medicinal'),
  (1694, 18, 'T53', 'Efeitos tóxicos de substâncias de origem principalmente não-medicinal'),
  (1695, 18, 'T54', 'Efeitos tóxicos de substâncias de origem principalmente não-medicinal'),
  (1696, 18, 'T55', 'Efeitos tóxicos de substâncias de origem principalmente não-medicinal'),
  (1697, 18, 'T56', 'Efeitos tóxicos de substâncias de origem principalmente não-medicinal'),
  (1698, 18, 'T57', 'Efeitos tóxicos de substâncias de origem principalmente não-medicinal'),
  (1699, 18, 'T58', 'Efeitos tóxicos de substâncias de origem principalmente não-medicinal'),
  (1700, 18, 'T59', 'Efeitos tóxicos de substâncias de origem principalmente não-medicinal'),
  (1701, 18, 'T60', 'Efeitos tóxicos de substâncias de origem principalmente não-medicinal'),
  (1702, 18, 'T61', 'Efeitos tóxicos de substâncias de origem principalmente não-medicinal'),
  (1703, 18, 'T62', 'Efeitos tóxicos de substâncias de origem principalmente não-medicinal'),
  (1704, 18, 'T63', 'Efeitos tóxicos de substâncias de origem principalmente não-medicinal'),
  (1705, 18, 'T64', 'Efeitos tóxicos de substâncias de origem principalmente não-medicinal'),
  (1706, 18, 'T65', 'Efeitos tóxicos de substâncias de origem principalmente não-medicinal'),
  (1707, 18, 'T74', 'Síndromes de maus tratos'),
  (1708, 18, 'T33', 'Outros efeitos e os efeitos não especificados de causas externas'),
  (1709, 18, 'T34', 'Outros efeitos e os efeitos não especificados de causas externas'),
  (1710, 18, 'T35', 'Outros efeitos e os efeitos não especificados de causas externas'),
  (1711, 18, 'T66', 'Outros efeitos e os efeitos não especificados de causas externas'),
  (1712, 18, 'T67', 'Outros efeitos e os efeitos não especificados de causas externas'),
  (1713, 18, 'T68', 'Outros efeitos e os efeitos não especificados de causas externas'),
  (1714, 18, 'T69', 'Outros efeitos e os efeitos não especificados de causas externas'),
  (1715, 18, 'T70', 'Outros efeitos e os efeitos não especificados de causas externas'),
  (1716, 18, 'T71', 'Outros efeitos e os efeitos não especificados de causas externas'),
  (1717, 18, 'T72', 'Outros efeitos e os efeitos não especificados de causas externas'),
  (1718, 18, 'T73', 'Outros efeitos e os efeitos não especificados de causas externas'),
  (1719, 18, 'T75', 'Outros efeitos e os efeitos não especificados de causas externas'),
  (1720, 18, 'T76', 'Outros efeitos e os efeitos não especificados de causas externas'),
  (1721, 18, 'T77', 'Outros efeitos e os efeitos não especificados de causas externas'),
  (1722, 18, 'T78', 'Outros efeitos e os efeitos não especificados de causas externas'),
  (1723, 18, 'T79', 'Certas complicações precoces de traumatismo e complicações cirúrgicas, e da assistência médica não classificadas em outra parte'),
  (1724, 18, 'T80', 'Certas complicações precoces de traumatismo e complicações cirúrgicas, e da assistência médica não classificadas em outra parte'),
  (1725, 18, 'T81', 'Certas complicações precoces de traumatismo e complicações cirúrgicas, e da assistência médica não classificadas em outra parte'),
  (1726, 18, 'T82', 'Certas complicações precoces de traumatismo e complicações cirúrgicas, e da assistência médica não classificadas em outra parte'),
  (1727, 18, 'T83', 'Certas complicações precoces de traumatismo e complicações cirúrgicas, e da assistência médica não classificadas em outra parte'),
  (1728, 18, 'T84', 'Certas complicações precoces de traumatismo e complicações cirúrgicas, e da assistência médica não classificadas em outra parte'),
  (1729, 18, 'T85', 'Certas complicações precoces de traumatismo e complicações cirúrgicas, e da assistência médica não classificadas em outra parte'),
  (1730, 18, 'T86', 'Certas complicações precoces de traumatismo e complicações cirúrgicas, e da assistência médica não classificadas em outra parte'),
  (1731, 18, 'T87', 'Certas complicações precoces de traumatismo e complicações cirúrgicas, e da assistência médica não classificadas em outra parte'),
  (1732, 18, 'T88', 'Certas complicações precoces de traumatismo e complicações cirúrgicas, e da assistência médica não classificadas em outra parte'),
  (1733, 18, 'T90', 'Seqüelas de traumatismos, de envenenamento e de outras conseqüências de causas externas'),
  (1734, 18, 'T91', 'Seqüelas de traumatismos, de envenenamento e de outras conseqüências de causas externas'),
  (1735, 18, 'T92', 'Seqüelas de traumatismos, de envenenamento e de outras conseqüências de causas externas'),
  (1736, 18, 'T93', 'Seqüelas de traumatismos, de envenenamento e de outras conseqüências de causas externas'),
  (1737, 18, 'T94', 'Seqüelas de traumatismos, de envenenamento e de outras conseqüências de causas externas'),
  (1738, 18, 'T95', 'Seqüelas de traumatismos, de envenenamento e de outras conseqüências de causas externas'),
  (1739, 18, 'T96', 'Seqüelas de traumatismos, de envenenamento e de outras conseqüências de causas externas'),
  (1740, 18, 'T97', 'Seqüelas de traumatismos, de envenenamento e de outras conseqüências de causas externas'),
  (1741, 18, 'T98', 'Seqüelas de traumatismos, de envenenamento e de outras conseqüências de causas externas'),
  (1742, 19, 'Z00', 'Pessoas em contato com os serviços de saúde para exame e investigação'),
  (1743, 19, 'Z01', 'Pessoas em contato com os serviços de saúde para exame e investigação'),
  (1744, 19, 'Z02', 'Pessoas em contato com os serviços de saúde para exame e investigação'),
  (1745, 19, 'Z03', 'Pessoas em contato com os serviços de saúde para exame e investigação'),
  (1746, 19, 'Z04', 'Pessoas em contato com os serviços de saúde para exame e investigação'),
  (1747, 19, 'Z05', 'Pessoas em contato com os serviços de saúde para exame e investigação'),
  (1748, 19, 'Z06', 'Pessoas em contato com os serviços de saúde para exame e investigação'),
  (1749, 19, 'Z07', 'Pessoas em contato com os serviços de saúde para exame e investigação'),
  (1750, 19, 'Z08', 'Pessoas em contato com os serviços de saúde para exame e investigação'),
  (1751, 19, 'Z09', 'Pessoas em contato com os serviços de saúde para exame e investigação'),
  (1752, 19, 'Z10', 'Pessoas em contato com os serviços de saúde para exame e investigação'),
  (1753, 19, 'Z11', 'Pessoas em contato com os serviços de saúde para exame e investigação'),
  (1754, 19, 'Z12', 'Pessoas em contato com os serviços de saúde para exame e investigação'),
  (1755, 19, 'Z13', 'Pessoas em contato com os serviços de saúde para exame e investigação'),
  (1756, 19, 'Z21', 'Estado de infecção assintomática pelo vírus da imunodeficiência humana [HIV]'),
  (1757, 19, 'Z20', 'Outras pessoas com riscos potenciais à saúde relacionadas com doenças transmissíveis'),
  (1758, 19, 'Z22', 'Outras pessoas com riscos potenciais à saúde relacionadas com doenças transmissíveis'),
  (1759, 19, 'Z23', 'Outras pessoas com riscos potenciais à saúde relacionadas com doenças transmissíveis'),
  (1760, 19, 'Z24', 'Outras pessoas com riscos potenciais à saúde relacionadas com doenças transmissíveis'),
  (1761, 19, 'Z25', 'Outras pessoas com riscos potenciais à saúde relacionadas com doenças transmissíveis'),
  (1762, 19, 'Z26', 'Outras pessoas com riscos potenciais à saúde relacionadas com doenças transmissíveis'),
  (1763, 19, 'Z27', 'Outras pessoas com riscos potenciais à saúde relacionadas com doenças transmissíveis'),
  (1764, 19, 'Z28', 'Outras pessoas com riscos potenciais à saúde relacionadas com doenças transmissíveis'),
  (1765, 19, 'Z29', 'Outras pessoas com riscos potenciais à saúde relacionadas com doenças transmissíveis'),
  (1766, 19, 'Z30', 'Anticoncepção'),
  (1767, 19, 'Z34', 'Rastreamento ("screening") pré-natal e outras supervisões da gravidez'),
  (1768, 19, 'Z35', 'Rastreamento ("screening") pré-natal e outras supervisões da gravidez'),
  (1769, 19, 'Z36', 'Rastreamento ("screening") pré-natal e outras supervisões da gravidez'),
  (1770, 19, 'Z38', 'Nascidos vivos segundo o local de nascimento'),
  (1771, 19, 'Z39', 'Assistência e exame pós-natal'),
  (1772, 19, 'Z40', 'Pessoas em contato com serviços de saúde para cuidados e procedimentos específicos'),
  (1773, 19, 'Z41', 'Pessoas em contato com serviços de saúde para cuidados e procedimentos específicos'),
  (1774, 19, 'Z42', 'Pessoas em contato com serviços de saúde para cuidados e procedimentos específicos'),
  (1775, 19, 'Z43', 'Pessoas em contato com serviços de saúde para cuidados e procedimentos específicos'),
  (1776, 19, 'Z44', 'Pessoas em contato com serviços de saúde para cuidados e procedimentos específicos'),
  (1777, 19, 'Z45', 'Pessoas em contato com serviços de saúde para cuidados e procedimentos específicos'),
  (1778, 19, 'Z46', 'Pessoas em contato com serviços de saúde para cuidados e procedimentos específicos'),
  (1779, 19, 'Z47', 'Pessoas em contato com serviços de saúde para cuidados e procedimentos específicos'),
  (1780, 19, 'Z48', 'Pessoas em contato com serviços de saúde para cuidados e procedimentos específicos'),
  (1781, 19, 'Z49', 'Pessoas em contato com serviços de saúde para cuidados e procedimentos específicos'),
  (1782, 19, 'Z50', 'Pessoas em contato com serviços de saúde para cuidados e procedimentos específicos'),
  (1783, 19, 'Z51', 'Pessoas em contato com serviços de saúde para cuidados e procedimentos específicos'),
  (1784, 19, 'Z52', 'Pessoas em contato com serviços de saúde para cuidados e procedimentos específicos'),
  (1785, 19, 'Z53', 'Pessoas em contato com serviços de saúde para cuidados e procedimentos específicos'),
  (1786, 19, 'Z54', 'Pessoas em contato com serviços de saúde para cuidados e procedimentos específicos'),
  (1787, 19, 'Z31', 'Pessoas em contato com os serviços de saúde por outras razões'),
  (1788, 19, 'Z32', 'Pessoas em contato com os serviços de saúde por outras razões'),
  (1789, 19, 'Z33', 'Pessoas em contato com os serviços de saúde por outras razões'),
  (1790, 19, 'Z37', 'Pessoas em contato com os serviços de saúde por outras razões'),
  (1791, 19, 'Z55', 'Pessoas em contato com os serviços de saúde por outras razões'),
  (1792, 19, 'Z56', 'Pessoas em contato com os serviços de saúde por outras razões'),
  (1793, 19, 'Z57', 'Pessoas em contato com os serviços de saúde por outras razões'),
  (1794, 19, 'Z58', 'Pessoas em contato com os serviços de saúde por outras razões'),
  (1795, 19, 'Z59', 'Pessoas em contato com os serviços de saúde por outras razões'),
  (1796, 19, 'Z60', 'Pessoas em contato com os serviços de saúde por outras razões'),
  (1797, 19, 'Z61', 'Pessoas em contato com os serviços de saúde por outras razões'),
  (1798, 19, 'Z62', 'Pessoas em contato com os serviços de saúde por outras razões'),
  (1799, 19, 'Z63', 'Pessoas em contato com os serviços de saúde por outras razões'),
  (1800, 19, 'Z64', 'Pessoas em contato com os serviços de saúde por outras razões'),
  (1801, 19, 'Z65', 'Pessoas em contato com os serviços de saúde por outras razões'),
  (1802, 19, 'Z66', 'Pessoas em contato com os serviços de saúde por outras razões'),
  (1803, 19, 'Z67', 'Pessoas em contato com os serviços de saúde por outras razões'),
  (1804, 19, 'Z68', 'Pessoas em contato com os serviços de saúde por outras razões'),
  (1805, 19, 'Z69', 'Pessoas em contato com os serviços de saúde por outras razões'),
  (1806, 19, 'Z70', 'Pessoas em contato com os serviços de saúde por outras razões'),
  (1807, 19, 'Z71', 'Pessoas em contato com os serviços de saúde por outras razões'),
  (1808, 19, 'Z72', 'Pessoas em contato com os serviços de saúde por outras razões'),
  (1809, 19, 'Z73', 'Pessoas em contato com os serviços de saúde por outras razões'),
  (1810, 19, 'Z74', 'Pessoas em contato com os serviços de saúde por outras razões'),
  (1811, 19, 'Z75', 'Pessoas em contato com os serviços de saúde por outras razões'),
  (1812, 19, 'Z76', 'Pessoas em contato com os serviços de saúde por outras razões'),
  (1813, 19, 'Z77', 'Pessoas em contato com os serviços de saúde por outras razões'),
  (1814, 19, 'Z78', 'Pessoas em contato com os serviços de saúde por outras razões'),
  (1815, 19, 'Z79', 'Pessoas em contato com os serviços de saúde por outras razões'),
  (1816, 19, 'Z80', 'Pessoas em contato com os serviços de saúde por outras razões'),
  (1817, 19, 'Z81', 'Pessoas em contato com os serviços de saúde por outras razões'),
  (1818, 19, 'Z82', 'Pessoas em contato com os serviços de saúde por outras razões'),
  (1819, 19, 'Z83', 'Pessoas em contato com os serviços de saúde por outras razões'),
  (1820, 19, 'Z84', 'Pessoas em contato com os serviços de saúde por outras razões'),
  (1821, 19, 'Z85', 'Pessoas em contato com os serviços de saúde por outras razões'),
  (1822, 19, 'Z86', 'Pessoas em contato com os serviços de saúde por outras razões'),
  (1823, 19, 'Z87', 'Pessoas em contato com os serviços de saúde por outras razões'),
  (1824, 19, 'Z88', 'Pessoas em contato com os serviços de saúde por outras razões'),
  (1825, 19, 'Z89', 'Pessoas em contato com os serviços de saúde por outras razões'),
  (1826, 19, 'Z90', 'Pessoas em contato com os serviços de saúde por outras razões'),
  (1827, 19, 'Z91', 'Pessoas em contato com os serviços de saúde por outras razões'),
  (1828, 19, 'Z92', 'Pessoas em contato com os serviços de saúde por outras razões'),
  (1829, 19, 'Z93', 'Pessoas em contato com os serviços de saúde por outras razões'),
  (1830, 19, 'Z94', 'Pessoas em contato com os serviços de saúde por outras razões'),
  (1831, 19, 'Z95', 'Pessoas em contato com os serviços de saúde por outras razões'),
  (1832, 19, 'Z96', 'Pessoas em contato com os serviços de saúde por outras razões'),
  (1833, 19, 'Z97', 'Pessoas em contato com os serviços de saúde por outras razões'),
  (1834, 19, 'Z98', 'Pessoas em contato com os serviços de saúde por outras razões'),
  (1835, 19, 'Z99', 'Pessoas em contato com os serviços de saúde por outras razões'),
  (1836, 20, 'U04', 'Síndrome respiratória aguda grave (Severe acute respiratory syndrome) [SARS]');
INSERT INTO subcategories (id, category_id, code_full, title) VALUES
  (1, 11, 'A15.0', 'Tuberculose pulmonar'),
  (2, 11, 'A15.1', 'Tuberculose pulmonar'),
  (3, 11, 'A15.2', 'Tuberculose pulmonar'),
  (4, 11, 'A15.3', 'Tuberculose pulmonar'),
  (5, 12, 'A16.0', 'Tuberculose pulmonar'),
  (6, 12, 'A16.1', 'Tuberculose pulmonar'),
  (7, 12, 'A16.2', 'Tuberculose pulmonar'),
  (8, 12, 'A16.3', 'Tuberculose pulmonar'),
  (9, 11, 'A15.4', 'Outras tuberculoses respiratórias'),
  (10, 11, 'A15.5', 'Outras tuberculoses respiratórias'),
  (11, 11, 'A15.6', 'Outras tuberculoses respiratórias'),
  (12, 11, 'A15.7', 'Outras tuberculoses respiratórias'),
  (13, 11, 'A15.8', 'Outras tuberculoses respiratórias'),
  (14, 11, 'A15.9', 'Outras tuberculoses respiratórias'),
  (15, 12, 'A16.4', 'Outras tuberculoses respiratórias'),
  (16, 12, 'A16.5', 'Outras tuberculoses respiratórias'),
  (17, 12, 'A16.6', 'Outras tuberculoses respiratórias'),
  (18, 12, 'A16.7', 'Outras tuberculoses respiratórias'),
  (19, 12, 'A16.8', 'Outras tuberculoses respiratórias'),
  (20, 12, 'A16.9', 'Outras tuberculoses respiratórias'),
  (21, 14, 'A18.3', 'Tuberculose do intestino, do peritônio e dos gânglios mesentéricos'),
  (22, 14, 'A18.0', 'Tuberculose óssea e das articulações'),
  (23, 14, 'A18.1', 'Tuberculose do aparelho geniturinário'),
  (24, 14, 'A18.2', 'Restante de outras tuberculoses'),
  (25, 14, 'A18.4', 'Restante de outras tuberculoses'),
  (26, 14, 'A18.5', 'Restante de outras tuberculoses'),
  (27, 14, 'A18.6', 'Restante de outras tuberculoses'),
  (28, 14, 'A18.7', 'Restante de outras tuberculoses'),
  (29, 14, 'A18.8', 'Restante de outras tuberculoses'),
  (30, 32, 'A27.0', 'Leptospirose icterohemorrágica'),
  (31, 32, 'A27.8', 'Outras formas de leptospirose'),
  (32, 32, 'A27.9', 'Leptospirose não especificada'),
  (33, 133, 'B55.0', 'Leishmaniose visceral'),
  (34, 133, 'B55.1', 'Leishmaniose cutânea'),
  (35, 133, 'B55.2', 'Leishmaniose cutâneo-mucosa'),
  (36, 133, 'B55.9', 'Leishmaniose não especificada');
INSERT INTO morbi_groups (id, chapter, group_code, description, cid10_codes) VALUES
  (1, 'I', '001', 'Cólera', 'A00'),
  (2, 'I', '002', 'Febres tifóide e paratifóide', 'A01'),
  (3, 'I', '003', 'Shiguelose', 'A03'),
  (4, 'I', '004', 'Amebíase', 'A06'),
  (5, 'I', '005', 'Diarréia e gastroenterite de origem infecciosa presumível', 'A09'),
  (6, 'I', '006', 'Outras doenças infecciosas intestinais', 'A02, A04-A05, A07-A08'),
  (7, 'I', '007', 'Tuberculose respiratória', 'A15-A16'),
  (8, 'I', '007.1', 'Tuberculose pulmonar', 'A15.0-A15.3, A16.0-A16.3'),
  (9, 'I', '007.2', 'Outras tuberculoses respiratórias', 'A15.4-A15.9, A16.4-A16.9'),
  (10, 'I', '008', 'Outras tuberculoses', 'A17-A19'),
  (11, 'I', '008.1', 'Tuberculose do sistema nervoso', 'A17'),
  (12, 'I', '008.2', 'Tuberculose do intestino, do peritônio e dos gânglios mesentéricos', 'A18.3'),
  (13, 'I', '008.3', 'Tuberculose óssea e das articulações', 'A18.0'),
  (14, 'I', '008.4', 'Tuberculose do aparelho geniturinário', 'A18.1'),
  (15, 'I', '008.5', 'Tuberculose miliar', 'A19'),
  (16, 'I', '008.9', 'Restante de outras tuberculoses', 'A18.2, A18.4-A18.8'),
  (17, 'I', '009', 'Peste', 'A20'),
  (18, 'I', '010', 'Brucelose', 'A23'),
  (19, 'I', '011', 'Hanseníase [lepra]', 'A30'),
  (20, 'I', '012', 'Tétano neonatal', 'A33'),
  (21, 'I', '013', 'Outros tétanos', 'A34-A35'),
  (22, 'I', '014', 'Difteria', 'A36'),
  (23, 'I', '015', 'Coqueluche', 'A37'),
  (24, 'I', '016', 'Infecção meningocócica', 'A39'),
  (25, 'I', '017', 'Septicemia', 'A40-A41'),
  (26, 'I', '018', 'Outras doenças bacterianas', 'A21-A22, A24-A28, A31-A32, A38, A42-A49'),
  (27, 'I', '018.1', 'Leptospirose icterohemorrágica', 'A27.0'),
  (28, 'I', '018.2', 'Outras formas de leptospirose', 'A27.8'),
  (29, 'I', '018.3', 'Leptospirose não especificada', 'A27.9'),
  (30, 'I', '018.9', 'Restante de outras doenças bacterianas', 'A21-A22, A24-A26, A28, A31-A32, A38, A42-A49'),
  (31, 'I', '019', 'Sífilis congênita', 'A50'),
  (32, 'I', '020', 'Sífilis precoce', 'A51'),
  (33, 'I', '021', 'Outras sífilis', 'A52-A53'),
  (34, 'I', '022', 'Infecção gonocócica', 'A54'),
  (35, 'I', '023', 'Doenças por clamídias transmitidas por via sexual', 'A55-A56'),
  (36, 'I', '024', 'Outras infecções com transmissão predominantemente sexual', 'A57-A64'),
  (37, 'I', '025', 'Febres recorrentes', 'A68'),
  (38, 'I', '026', 'Tracoma', 'A71'),
  (39, 'I', '027', 'Tifo exantemático', 'A75'),
  (40, 'I', '028', 'Poliomielite aguda', 'A80'),
  (41, 'I', '029', 'Raiva', 'A82'),
  (42, 'I', '030', 'Encefalite viral', 'A83-A86'),
  (43, 'I', '031', 'Febre amarela', 'A95'),
  (44, 'I', '032', 'Outras febre por arbovírus e febres hemorrágicas por vírus', 'A90-A94, A96-A99'),
  (45, 'I', '032.1', 'Dengue [dengue clássico]', 'A90'),
  (46, 'I', '032.2', 'Febre hemorrágica devida ao vírus da dengue', 'A91'),
  (47, 'I', '032.9', 'Restante de outras febre por arbovírus e febres hemorrágicas por vírus', 'A92-A94, A96-A99'),
  (48, 'I', '033', 'Infecções pelo vírus do herpes', 'B00'),
  (49, 'I', '034', 'Varicela e herpes zoster', 'B01-B02'),
  (50, 'I', '035', 'Sarampo', 'B05'),
  (51, 'I', '036', 'Rubéola', 'B06'),
  (52, 'I', '037', 'Hepatite aguda B', 'B16'),
  (53, 'I', '038', 'Outras hepatites virais', 'B15, B17-B19'),
  (54, 'I', '039', 'Doença pelo vírus da imunodeficiência humana [HIV]', 'B20-B24'),
  (55, 'I', '040', 'Caxumba [parotidite epidêmica]', 'B26'),
  (56, 'I', '041', 'Outras doenças virais', 'A81, A87-A89, B03-B04, B07-B09, B25, B27-B34'),
  (57, 'I', '041.1', 'Meningite viral', 'A87'),
  (58, 'I', '041.9', 'Restante de outras doenças virais', 'A81, A88-A89, B03-B04, B07-B09, B25, B27-B34'),
  (59, 'I', '042', 'Micoses', 'B35-B49'),
  (60, 'I', '043', 'Malária', 'B50-B54'),
  (61, 'I', '043.1', 'Malária por Plasmodium falciparum', 'B50'),
  (62, 'I', '043.2', 'Malária por Plasmodium vivax', 'B51'),
  (63, 'I', '043.3', 'Malária por Plasmodium malariae', 'B52'),
  (64, 'I', '043.4', 'Outras formas de malária confirmadas por exames parasitológicos', 'B53'),
  (65, 'I', '043.5', 'Malária não especificada', 'B54'),
  (66, 'I', '044', 'Leishmaniose', 'B55'),
  (67, 'I', '044.1', 'Leishmaniose visceral', 'B55.0'),
  (68, 'I', '044.2', 'Leishmaniose cutânea', 'B55.1'),
  (69, 'I', '044.3', 'Leishmaniose cutâneo-mucosa', 'B55.2'),
  (70, 'I', '044.4', 'Leishmaniose não especificada', 'B55.9'),
  (71, 'I', '045', 'Tripanossomíase', 'B56-B57'),
  (72, 'I', '046', 'Esquistossomose', 'B65'),
  (73, 'I', '047', 'Outras infestações por trematódeos', 'B66'),
  (74, 'I', '048', 'Equinococose', 'B67'),
  (75, 'I', '049', 'Dracunculíase', 'B72'),
  (76, 'I', '050', 'Oncocercose', 'B73'),
  (77, 'I', '051', 'Filariose', 'B74'),
  (78, 'I', '052', 'Ancilostomíase', 'B76'),
  (79, 'I', '053', 'Outras helmintíases', 'B68-B71, B75, B77-B83'),
  (80, 'I', '054', 'Seqüelas de tuberculose', 'B90'),
  (81, 'I', '055', 'Seqüelas de poliomielite', 'B91'),
  (82, 'I', '056', 'Seqüelas de hanseníase [lepra]', 'B92'),
  (83, 'I', '057', 'Outras doenças infecciosas e parasitárias', 'A65-A67, A69-A70, A74, A77-A79, B58-B64, B85-B89, B94-B99'),
  (84, 'II', '058', 'Neoplasia maligna do lábio, cavidade oral e faringe', 'C00-C14'),
  (85, 'II', '059', 'Neoplasia maligna do esôfago', 'C15'),
  (86, 'II', '060', 'Neoplasia maligna do estômago', 'C16'),
  (87, 'II', '061', 'Neoplasia maligna do cólon', 'C18'),
  (88, 'II', '062', 'Neoplasia maligna da junção retossigmóide, reto, ânus e canal anal', 'C19-C21'),
  (89, 'II', '063', 'Neoplasia maligna do fígado e das vias biliares intra-hepáticas', 'C22'),
  (90, 'II', '064', 'Neoplasia maligna do pâncreas', 'C25'),
  (91, 'II', '065', 'Outras neoplasias malignas de órgãos digestivos', 'C17, C23-C24, C26'),
  (92, 'II', '066', 'Neoplasias malignas de laringe', 'C32'),
  (93, 'II', '067', 'Neoplasia maligna da traquéia, dos brônquios e dos pulmões', 'C33-C34'),
  (94, 'II', '068', 'Outras neoplasias malignas de órgãos respiratórios e intratorácicos', 'C30-C31, C37-C39'),
  (95, 'II', '069', 'Neoplasia maligna do osso e da cartilagem articular', 'C40-C41'),
  (96, 'II', '070', 'Neoplasia maligna da pele', 'C43'),
  (97, 'II', '071', 'Outras neoplasias malignas da pele', 'C44'),
  (98, 'II', '072', 'Neoplasias malignas do tecido mesotelial e tecidos moles', 'C45-C49'),
  (99, 'II', '073', 'Neoplasia maligna da mama', 'C50'),
  (100, 'II', '074', 'Neoplasia maligna do colo do útero', 'C53'),
  (101, 'II', '075', 'Neoplasia maligna de outras porções e de porções não especificadas do útero', 'C54-C55'),
  (102, 'II', '076', 'Outras neoplasias malignas dos órgãos genitais femininos', 'C51-C52, C56-C58'),
  (103, 'II', '077', 'Neoplasia maligna da próstata', 'C61'),
  (104, 'II', '078', 'Outras neoplasias malignas dos órgãos genitais masculinos', 'C60, C62-C63'),
  (105, 'II', '079', 'Neoplasia maligna da bexiga', 'C67'),
  (106, 'II', '080', 'Outras neoplasias malignas do trato urinário', 'C64-C66, C68'),
  (107, 'II', '081', 'Neoplasia maligna dos olhos e anexos', 'C69'),
  (108, 'II', '082', 'Neoplasia maligna do encéfalo', 'C71'),
  (109, 'II', '083', 'Neoplasia maligna de outras partes do sistema nervoso central', 'C70, C72'),
  (110, 'II', '084', 'Neoplasias malignas de outras localizações, de localização mal definida, secundárias e de localização não especificada', 'C73-C80, C97'),
  (111, 'II', '085', 'Doença de Hodgkin', 'C81'),
  (112, 'II', '086', 'Linfoma não-Hodgkin', 'C82-C85'),
  (113, 'II', '087', 'Leucemia', 'C91-C95'),
  (114, 'II', '088', 'Outras neoplasias malignas de tecidos linfóide, hematopoético e relacionados', 'C88-C90, C96'),
  (115, 'II', '089', 'Carcinoma in situ de colo do útero', 'D06'),
  (116, 'II', '090', 'Neoplasia benigna da pele', 'D22-D23'),
  (117, 'II', '091', 'Neoplasia benigna da mama', 'D24'),
  (118, 'II', '092', 'Leiomioma do útero', 'D25'),
  (119, 'II', '093', 'Neoplasia benigna do ovário', 'D27'),
  (120, 'II', '094', 'Neoplasia benigna dos órgãos urinários', 'D30'),
  (121, 'II', '095', 'Neoplasia benigna do encéfalo e de outras partes do sistema nervoso central', 'D33'),
  (122, 'II', '096', 'Outras neoplasias in situ e neoplasias benignas e neoplasias de comportamento incerto ou desconhecido', 'D00-D05, D07-D21, D26, D28-D29, D31-D32, D34-D48'),
  (123, 'II', '097', 'Anemia por deficiência de ferro', 'D50'),
  (124, 'II', '098', 'Outras anemias', 'D51-D64'),
  (125, 'II', '099', 'Afecções hemorrágicas e outras doenças do sangue e dos órgãos hematopoéticos', 'D65-D77'),
  (126, 'II', '100', 'Alguns transtornos envolvendo o mecanismo imunitário', 'D80-D89'),
  (127, 'IV', '101', 'Transtornos tireoidianos relacionados à deficiência de iodo', 'E00-E02'),
  (128, 'IV', '102', 'Tireotoxicose', 'E05'),
  (129, 'IV', '103', 'Outros transtornos tireoidianos', 'E03-E04, E06-E07'),
  (130, 'IV', '104', 'Diabetes mellitus', 'E10-E14'),
  (131, 'IV', '105', 'Desnutrição', 'E40-E46'),
  (132, 'IV', '106', 'Deficiência de vitamina A', 'E50'),
  (133, 'IV', '107', 'Outras deficiências vitamínicas', 'E51-E56'),
  (134, 'IV', '108', 'Seqüelas de desnutrição e de outras deficiências nutricionais', 'E64'),
  (135, 'IV', '109', 'Obesidade', 'E66'),
  (136, 'IV', '110', 'Depleção de volume', 'E86'),
  (137, 'IV', '111', 'Outros transtornos endócrinos, nutricionais e metabólicos', 'E15-E35, E58-E63, E65, E67-E85, E87-E90'),
  (138, 'V', '112', 'Demência', 'F00-F03'),
  (139, 'V', '113', 'Transtornos mentais e comportamentais devidos ao uso de álcool', 'F10'),
  (140, 'V', '114', 'Transtornos mentais e comportamentais devidos ao uso de outras substâncias psicoativas', 'F11-F19'),
  (141, 'V', '115', 'Esquizofrenia, transtornos esquizotípicos e delirantes', 'F20-F29'),
  (142, 'V', '116', 'Transtornos de humor [afetivos]', 'F30-F39'),
  (143, 'V', '117', 'Transtornos neuróticos, transtornos relacionados com o "stress" e transtornos somatoformes', 'F40-F48'),
  (144, 'V', '118', 'Retardo mental', 'F70-F79'),
  (145, 'V', '119', 'Outros transtornos mentais e comportamentais', 'F04-F09, F50-F69, F80-F99'),
  (146, 'VI', '120', 'Doenças inflamatórias do sistema nervoso central', 'G00-G09'),
  (147, 'VI', '120.1', 'Meningite bacteriana, não classificada em outra parte', 'G00'),
  (148, 'VI', '120.2', 'Meningite em doenças bacterianas classificadas em outra parte', 'G01'),
  (149, 'VI', '120.3', 'Meningite em outras doenças infecciosas e parasitárias classificadas em outra parte', 'G02'),
  (150, 'VI', '120.4', 'Meningite devida a outras causas e a causas não especificadas', 'G03'),
  (151, 'VI', '120.9', 'Restante de doenças inflamatórias do sistema nervoso central', 'G04-G09'),
  (152, 'VI', '121', 'Doença de Parkinson', 'G20'),
  (153, 'VI', '122', 'Doença de Alzheimer', 'G30'),
  (154, 'VI', '123', 'Esclerose múltiplas', 'G35'),
  (155, 'VI', '124', 'Epilepsia', 'G40-G41'),
  (156, 'VI', '125', 'Enxaqueca e outras síndromes de algias cefálicos', 'G43-G44'),
  (157, 'VI', '126', 'Acidentes vasculares cerebrais isquêmicos transitórios e síndromes correlatas', 'G45'),
  (158, 'VI', '127', 'Transtornos dos nervos, das raízes e dos plexos nervosos', 'G50-G59'),
  (159, 'VI', '128', 'Paralisia cerebral e outras síndromes paralíticas', 'G80-G83'),
  (160, 'VI', '129', 'Outras doenças do sistema nervoso', 'G10-G13, G21-G26, G31-G32, G36-G37, G46-G47, G60-G73, G90-G99'),
  (161, 'VII', '130', 'Inflamação da pálpebra', 'H00-H01'),
  (162, 'VII', '131', 'Conjuntivite e outros transtornos da conjuntiva', 'H10-H13'),
  (163, 'VII', '132', 'Ceratite e outros transtornos da esclerótica e da córnea', 'H15-H19'),
  (164, 'VII', '133', 'Catarata e outros transtornos do cristalino', 'H25-H28'),
  (165, 'VII', '134', 'Descolamentos e defeitos da retina', 'H33'),
  (166, 'VII', '135', 'Glaucoma', 'H40-H42'),
  (167, 'VII', '136', 'Estrabismo', 'H49-H50'),
  (168, 'VII', '137', 'Transtornos da refração e da acomodação', 'H52'),
  (169, 'VII', '138', 'Cegueira e visão subnormal', 'H54'),
  (170, 'VII', '139', 'Outras doenças do olho e anexos', 'H02-H06, H20-H22, H30-H32, H34-H36, H43-H48, H51, H53, H55-H59'),
  (171, 'VIII', '140', 'Otite média e outros transtornos do ouvido médio e da apófise mastóide', 'H65-H75'),
  (172, 'VIII', '141', 'Perda de audição', 'H90-H91'),
  (173, 'VIII', '142', 'Outras doenças do ouvido e da apófise mastóide', 'H60-H62, H80-H83, H92-H95'),
  (174, 'IX', '143', 'Febre reumática aguda', 'I00-I02'),
  (175, 'IX', '144', 'Doença reumática crônica do coração', 'I05-I09'),
  (176, 'IX', '145', 'Hipertensão essencial (primária)', 'I10'),
  (177, 'IX', '146', 'Outras doenças hipertensivas', 'I11-I15'),
  (178, 'IX', '147', 'Infarto agudo do miocárdio', 'I21-I22'),
  (179, 'IX', '148', 'Outras doenças isquêmicas do coração', 'I20, I23-I25'),
  (180, 'IX', '149', 'Embolia pulmonar', 'I26'),
  (181, 'IX', '150', 'Transtornos de condução e arritmias cardíacas', 'I44-I49'),
  (182, 'IX', '151', 'Insuficiência cardíaca', 'I50'),
  (183, 'IX', '152', 'Outras doenças do coração', 'I27-I43, I51-I52'),
  (184, 'IX', '153', 'Hemorragia intracraniana', 'I60-I62'),
  (185, 'IX', '154', 'Infarto cerebral', 'I63'),
  (186, 'IX', '155', 'Acidente vascular cerebral, não especificado como hemorrágico ou isquêmico', 'I64'),
  (187, 'IX', '156', 'Outras doenças cerebrovasculares', 'I65-I69'),
  (188, 'IX', '157', 'Ateroesclerose', 'I70'),
  (189, 'IX', '158', 'Outras doenças vasculares periféricas', 'I73'),
  (190, 'IX', '159', 'Embolia e trombose arteriais', 'I74'),
  (191, 'IX', '160', 'Outras doenças das artérias, arteríolas e capilares', 'I71-I72, I77-I79'),
  (192, 'IX', '161', 'Flebite, tromboflebite, embolia e trombose venosa', 'I80-I82'),
  (193, 'IX', '162', 'Veias varicosas das extremidades inferiores', 'I83'),
  (194, 'IX', '163', 'Hemorróidas', 'I84'),
  (195, 'IX', '164', 'Outras doenças do aparelho circulatório', 'I85-I99'),
  (196, 'X', '165', 'Faringite aguda e amigdalite aguda', 'J02-J03'),
  (197, 'X', '166', 'Laringite e traqueíte agudas', 'J04'),
  (198, 'X', '167', 'Outras infecções agudas das vias aéreas superiores', 'J00-J01, J05-J06'),
  (199, 'X', '168', 'Influenza [gripe]', 'J09-J11'),
  (200, 'X', '169', 'Pneumonia', 'J12-J18'),
  (201, 'X', '170', 'Bronquite aguda e bronquiolite aguda', 'J20-J21'),
  (202, 'X', '171', 'Sinusite crônica', 'J32'),
  (203, 'X', '172', 'Outras doenças do nariz e dos seios paranasais', 'J30-J31, J33-J34'),
  (204, 'X', '173', 'Doenças crônicas das amígdalas e das adenóides', 'J35'),
  (205, 'X', '174', 'Outras doenças do trato respiratório superior', 'J36-J39'),
  (206, 'X', '175', 'Bronquite, enfisema e outras doenças pulmonares obstrutivas crônicas', 'J40-J44'),
  (207, 'X', '176', 'Asma', 'J45-J46'),
  (208, 'X', '177', 'Bronquiectasia', 'J47'),
  (209, 'X', '178', 'Pneumoconiose', 'J60-J65'),
  (210, 'X', '179', 'Outras doenças do aparelho respiratório', 'J22, J66-J99'),
  (211, 'XI', '180', 'Cárie dentária', 'K02'),
  (212, 'XI', '181', 'Outros transtornos dos dentes e estruturas de suporte', 'K00-K01, K03-K08'),
  (213, 'XI', '182', 'Outras doenças da cavidade oral, glândulas salivares e dos maxilares', 'K09-K14'),
  (214, 'XI', '183', 'Úlcera gástrica e duodenal', 'K25-K27'),
  (215, 'XI', '184', 'Gastrite e duodenite', 'K29'),
  (216, 'XI', '185', 'Outras doenças do esôfago, estômago e duodeno', 'K20-K23, K28, K30-K31'),
  (217, 'XI', '186', 'Doenças do apêndice', 'K35-K38'),
  (218, 'XI', '187', 'Hérnia inguinal', 'K40'),
  (219, 'XI', '188', 'Outras hérnias', 'K41-K46'),
  (220, 'XI', '189', 'Doença de Crohn e colite ulcerativa', 'K50-K51'),
  (221, 'XI', '190', 'Íleo paralítico e obstrução intestinal sem hérnia', 'K56'),
  (222, 'XI', '191', 'Doença diverticular do intestino', 'K57'),
  (223, 'XI', '192', 'Outras doenças dos intestinos e peritônio', 'K52-K55, K58-K67'),
  (224, 'XI', '193', 'Doença alcoólica do fígado', 'K70'),
  (225, 'XI', '194', 'Outras doenças do fígado', 'K71-K77'),
  (226, 'XI', '195', 'Colelitíase e colecistite', 'K80-K81'),
  (227, 'XI', '196', 'Pancreatite aguda e outras doenças do pâncreas', 'K85-K86'),
  (228, 'XI', '197', 'Outras doenças do aparelho digestivo', 'K82-K83, K87-K93'),
  (229, 'XII', '198', 'Infecções da pele e do tecido subcutâneo', 'L00-L08'),
  (230, 'XII', '199', 'Outras doenças da pele e do tecido subcutâneo', 'L10-L99'),
  (231, 'XIII', '200', 'Artrite reumatóide e outras poliartropatias inflamatórias', 'M05-M14'),
  (232, 'XIII', '201', 'Artrose', 'M15-M19'),
  (233, 'XIII', '202', 'Deformidades adquiridas das articulações', 'M20-M21'),
  (234, 'XIII', '203', 'Outros transtronos articulares', 'M00-M03, M22-M25'),
  (235, 'XIII', '204', 'Doenças sistêmicas do tecido conjuntivo', 'M30-M36'),
  (236, 'XIII', '205', 'Transtornos discais cervicais e outros transtornos discais intervertebrais', 'M50-M51'),
  (237, 'XIII', '206', 'Outras dorsopatias', 'M40-M49, M53-M54'),
  (238, 'XIII', '207', 'Transtornos do tecido mole', 'M60-M79'),
  (239, 'XIII', '208', 'Transtornos da densidade e da estrutura ósseas', 'M80-M85'),
  (240, 'XIII', '209', 'Osteomielite', 'M86'),
  (241, 'XIII', '210', 'Outras doenças do sistema osteomuscular e do tecido conjuntivo', 'M87-M99'),
  (242, 'XIV', '211', 'Síndrome nefríticas aguda e rapidamente progressiva', 'N00-N01'),
  (243, 'XIV', '212', 'Outras doenças glomerulares', 'N02-N08'),
  (244, 'XIV', '213', 'Doenças renais túbulo-intersticiais', 'N10-N16'),
  (245, 'XIV', '214', 'Insuficiência renal', 'N17-N19'),
  (246, 'XIV', '215', 'Urolitíase', 'N20-N23'),
  (247, 'XIV', '216', 'Cistite', 'N30'),
  (248, 'XIV', '217', 'Outras doenças do aparelho urinário', 'N25-N29, N31-N39'),
  (249, 'XIV', '218', 'Hiperplasia da próstata', 'N40'),
  (250, 'XIV', '219', 'Outros transtornos da próstata', 'N41-N42'),
  (251, 'XIV', '220', 'Hidrocele e espermatocele', 'N43'),
  (252, 'XIV', '221', 'Preprúcio redundante, fimose e parafimose', 'N47'),
  (253, 'XIV', '222', 'Outras doenças dos órgãos genitais masculinos', 'N44-N46, N48-N51'),
  (254, 'XIV', '223', 'Transtornos da mama', 'N60-N64'),
  (255, 'XIV', '224', 'Salpingite e ooforite', 'N70'),
  (256, 'XIV', '225', 'Doença inflamatória do colo do útero', 'N72'),
  (257, 'XIV', '226', 'Outras doenças inflamatórias dos órgãos pélvicos femininos', 'N71, N73-N77'),
  (258, 'XIV', '227', 'Endometriose', 'N80'),
  (259, 'XIV', '228', 'Prolapso genital feminino', 'N81'),
  (260, 'XIV', '229', 'Transtornos não-inflamatórios do ovário, da trompa de Falópio e do ligamento largo', 'N83'),
  (261, 'XIV', '230', 'Transtornos da menstruação', 'N91-N92'),
  (262, 'XIV', '231', 'Transtornos menopáusicos e outros transtornos perimenopáusicos', 'N95'),
  (263, 'XIV', '232', 'Infertilidade feminina', 'N97'),
  (264, 'XIV', '233', 'Outros transtornos do aparelho geniturinário', 'N82, N84-N90, N93-N94, N96, N98-N99'),
  (265, 'XV', '234', 'Aborto espontâneo', 'O03'),
  (266, 'XV', '235', 'Aborto por razões médicas', 'O04'),
  (267, 'XV', '236', 'Outras gravidezes que terminam em aborto', 'O00-O02, O05-O08'),
  (268, 'XV', '237', 'Edema, proteinúria e transtornos hipertensivos na gravidez, parto e puerpério', 'O10-O16'),
  (269, 'XV', '238', 'Placenta prévia, descolamento prematuro de placenta e hemorragia anteparto', 'O44-O46'),
  (270, 'XV', '239', 'Outros motivos de assistência à mãe relacionados à cavidade fetal e amniótica, e possíveis problemas de parto', 'O30-O43, O47-O48'),
  (271, 'XV', '240', 'Trabalho de parto obstruído', 'O64-O66'),
  (272, 'XV', '241', 'Hemorragia pós-parto', 'O72'),
  (273, 'XV', '242', 'Outras complicações da gravidez e do parto', 'O20-O29, O60-O63, O67-O71, O73-O75, O81-O84'),
  (274, 'XV', '243', 'Parto único espontâneo', 'O80'),
  (275, 'XV', '244', 'Complicações predominantemente relacionadas ao puerpério e outras afecções obstétricas, não classificadas em outra parte', 'O85-O99'),
  (276, 'XVI', '245', 'Feto e recém-nascido afetados por fatores maternos e por complicações da gravidez, trabalho de parto e parto', 'P00-P04'),
  (277, 'XVI', '246', 'Retardo de crescimento fetal, desnutrição fetal e transtornos relacionados à gestação curta e baixo peso ao nascer', 'P05-P07'),
  (278, 'XVI', '247', 'Trauma durante o nascimento', 'P10-P15'),
  (279, 'XVI', '248', 'Hipóxia intrauterina e asfixia ao nascer', 'P20-P21'),
  (280, 'XVI', '249', 'Outros transtornos respiratórios originados no período perinatal', 'P22-P28'),
  (281, 'XVI', '250', 'Doenças infecciosas e parasitárias congênitas', 'P35-P37'),
  (282, 'XVI', '251', 'Outras infecções específicas do período perinatal', 'P38-P39'),
  (283, 'XVI', '252', 'Doença hemolítica do feto e do recém-nascido', 'P55'),
  (284, 'XVI', '253', 'Outras afecções originadas no período perinatal', 'P08, P29, P50-P54, P56-P96'),
  (285, 'XVII', '254', 'Espinha bífida', 'Q05'),
  (286, 'XVII', '255', 'Outras malformações congênitas do sistema nervoso', 'Q00-Q04, Q06-Q07'),
  (287, 'XVII', '256', 'Malformações congênitas do aparelho circulatório', 'Q20-Q28'),
  (288, 'XVII', '257', 'Fenda labial e fenda palatina', 'Q35-Q37'),
  (289, 'XVII', '258', 'Ausência, atresia e estenose do intestino delgado', 'Q41'),
  (290, 'XVII', '259', 'Outras malformações congênitas do aparelho digestivo', 'Q38-Q40, Q42-Q45'),
  (291, 'XVII', '260', 'Testiculo não-descido', 'Q53'),
  (292, 'XVII', '261', 'Outras malformações do aparelho geniturinário', 'Q50-Q52, Q54-Q64'),
  (293, 'XVII', '262', 'Deformidades congênitas do quadril', 'Q65'),
  (294, 'XVII', '263', 'Deformidades congênitas dos pés', 'Q66'),
  (295, 'XVII', '264', 'Outras malformações e deformidades congênitas do aparelho osteomuscular', 'Q67-Q79'),
  (296, 'XVII', '265', 'Outras malformações congênitas', 'Q10-Q18, Q30-Q34, Q80-Q89'),
  (297, 'XVII', '266', 'Anomalias cromossômicas, não classificadas em outra parte', 'Q90-Q99'),
  (298, 'XVIII', '267', 'Dor abdominal e pélvica', 'R10'),
  (299, 'XVIII', '268', 'Febre de origem desconhecida', 'R50'),
  (300, 'XVIII', '269', 'Senilidade', 'R54'),
  (301, 'XVIII', '270', 'Outros sintomas, sinais e achados anormais de exames clínicos e de laboratório, não classificados em outra parte', 'R00-R09, R11-R49, R51-R53, R55-R99'),
  (302, 'XIX', '271', 'Fratura do crânio e dos ossos da face', 'S02'),
  (303, 'XIX', '272', 'Fratura do pescoço, tórax ou pelve', 'S12, S22, S32, T08'),
  (304, 'XIX', '273', 'Fratura do fêmur', 'S72'),
  (305, 'XIX', '274', 'Fratura de outros ossos dos membros', 'S42, S52, S62, S82, S92, T10, T12'),
  (306, 'XIX', '275', 'Fraturas envolvendo múltiplas regiões do corpo', 'T02'),
  (307, 'XIX', '276', 'Luxações, entorse e distensão de regiões especificadas e de regiões múltiplas do corpo', 'S03, S13, S23, S33, S43, S53, S63, S73, S83, S93, T03'),
  (308, 'XIX', '277', 'Traumatismo do olho e da órbita ocular', 'S05'),
  (309, 'XIX', '278', 'Traumatismo intracraniano', 'S06'),
  (310, 'XIX', '279', 'Traumatismo de outros órgãos internos', 'S26-S27, S36-S37'),
  (311, 'XIX', '280', 'Lesões por esmagamento e amputações traumáticas de regiões especificadas e de múltiplas regiões do corpo', 'S07-S08, S17-S18, S28, S38, S47-S48, S57-S58, S67-S68, S77-S78, S87-S88, S97-S98, T04-T05'),
  (312, 'XIX', '281', 'Outros traumatismos de regiões especificadas e não especificadas e de regiões múltiplas do corpo', 'S00-S01, S04, S09-S11, S14-S16, S19-S21, S24-S25, S29-S31, S34-S35, S39-S41, S44-S46, S49-S51, S54-S56, S59-S61, S64-S66, S69-S71, S74-S76, S79-S81, S84-S86, S89-S91, S94-S96, S99, T00-T01, T06-T07, T09, T11, T13-T14'),
  (313, 'XIX', '282', 'Efeitos de corpo estranho que entra através de orifício natural', 'T15-T19'),
  (314, 'XIX', '283', 'Queimadura e corrosões', 'T20-T32'),
  (315, 'XIX', '284', 'Envenenamento por drogas e substâncias biológicas', 'T36-T50'),
  (316, 'XIX', '285', 'Efeitos tóxicos de substâncias de origem principalmente não-medicinal', 'T51-T65'),
  (317, 'XIX', '286', 'Síndromes de maus tratos', 'T74'),
  (318, 'XIX', '287', 'Outros efeitos e os efeitos não especificados de causas externas', 'T33-T35, T66-T73, T75-T78'),
  (319, 'XIX', '288', 'Certas complicações precoces de traumatismo e complicações cirúrgicas, e da assistência médica não classificadas em outra parte', 'T79-T88'),
  (320, 'XIX', '289', 'Seqüelas de traumatismos, de envenenamento e de outras conseqüências de causas externas', 'T90-T98'),
  (321, 'XXI', '290', 'Pessoas em contato com os serviços de saúde para exame e investigação', 'Z00-Z13'),
  (322, 'XXI', '291', 'Estado de infecção assintomática pelo vírus da imunodeficiência humana [HIV]', 'Z21'),
  (323, 'XXI', '292', 'Outras pessoas com riscos potenciais à saúde relacionadas com doenças transmissíveis', 'Z20, Z22-Z29'),
  (324, 'XXI', '293', 'Anticoncepção', 'Z30'),
  (325, 'XXI', '294', 'Rastreamento ("screening") pré-natal e outras supervisões da gravidez', 'Z34-Z36'),
  (326, 'XXI', '295', 'Nascidos vivos segundo o local de nascimento', 'Z38'),
  (327, 'XXI', '296', 'Assistência e exame pós-natal', 'Z39'),
  (328, 'XXI', '297', 'Pessoas em contato com serviços de saúde para cuidados e procedimentos específicos', 'Z40-Z54'),
  (329, 'XXI', '298', 'Pessoas em contato com os serviços de saúde por outras razões', 'Z31-Z33, Z37, Z55-Z99'),
  (330, 'XXII', '901', 'Síndrome respiratória aguda grave (Severe acute respiratory syndrome) [SARS]', 'U04');
COMMIT;
